123www_test_model,404
123www_test_model,404
123www_test_model,404
AnonymousNLP_pretrained-model-1,404
AnonymousNLP_pretrained-model-2,404
AnonymousSub_cline-papers-biomed-0.618,404
AnonymousSub_cline-papers-roberta-0.585,404
AnonymousSub_cline,404
AnonymousSub_cline_emanuals,404
Barleysack_klue-roberta-LSTM,404
CALM_backup,404
Capreolus_birch-bert-large-car_mb,404
Capreolus_birch-bert-large-mb,404
Capreolus_birch-bert-large-msmarco_mb,404
DSI_ar_emotion_6,404
DeepChem_ChemBERTa-5M-MTR,404
DeepChem_ChemBERTa-77M-MTR,404
DrMatters_rubert_cased,404
Emran_ClinicalBERT_ICD10_Categories,404
Emran_ClinicalBERT_ICD10_Full,404
Emran_ClinicalBERT_ICD10_Full_200_epoch,404
Emran_ClinicalBERT_description_full_ICD10_Code,404
Eunooeh_test,404
FPTAI_velectra-base-discriminator-cased,404
FPTAI_vibert-base-cased,404
FranzStrauss_ponet-base-uncased,404
Fraser_ag_news,404
Fraser_single_latent,404
Galuh_clip-indonesian,404
IlyaGusev_gen_title_tg_bottleneck,404
Jawharah_Test,404
KBLab_electra-base-swedish-cased-discriminator,404
KBLab_electra-small-swedish-cased-discriminator,404
Kyuyoung11_haremotions-v3,404
Kyuyoung11_haremotions-v4,404
Kyuyoung11_haremotions-v5,404
Liam_NRL-full,404
Liam_NRL,404
ML-ass_german_encoder,404
Muennighoff_tiny-random-bert,404
123www_test_model,404
AnonymousNLP_pretrained-model-1,404
AnonymousNLP_pretrained-model-2,404
AnonymousSub_cline-papers-biomed-0.618,404
AnonymousSub_cline-papers-roberta-0.585,404
AnonymousSub_cline,404
AnonymousSub_cline_emanuals,404
Barleysack_klue-roberta-LSTM,404
CALM_backup,404
Capreolus_birch-bert-large-car_mb,404
Capreolus_birch-bert-large-mb,404
Capreolus_birch-bert-large-msmarco_mb,404
DSI_ar_emotion_6,404
DeepChem_ChemBERTa-5M-MTR,404
DeepChem_ChemBERTa-77M-MTR,404
DrMatters_rubert_cased,404
Emran_ClinicalBERT_ICD10_Categories,404
Emran_ClinicalBERT_ICD10_Full,404
Emran_ClinicalBERT_ICD10_Full_200_epoch,404
Emran_ClinicalBERT_description_full_ICD10_Code,404
Eunooeh_test,404
FPTAI_velectra-base-discriminator-cased,404
FPTAI_vibert-base-cased,404
FranzStrauss_ponet-base-uncased,404
Fraser_ag_news,404
Fraser_single_latent,404
Galuh_clip-indonesian,404
IlyaGusev_gen_title_tg_bottleneck,404
Jawharah_Test,404
KBLab_electra-base-swedish-cased-discriminator,404
KBLab_electra-small-swedish-cased-discriminator,404
Kyuyoung11_haremotions-v3,404
Kyuyoung11_haremotions-v4,404
Kyuyoung11_haremotions-v5,404
Liam_NRL-full,404
Liam_NRL,404
ML-ass_german_encoder,404
Muennighoff_tiny-random-bert,404
NakHyun_electra_kr_v1-discriminator,404
Narsil_tiny-distilbert,404
NbAiLab_notram-bert-norwegian-cased-pod-030421,404
NbAiLab_wav2vec2-xlsr-1B-NPSC-OH,404
NlpHUST_electra-legal-vi,404
NlpHUST_vi-electra-small,404
PaulLerner_dpr_context_encoder_triviaqa_without_viquae,404
PaulLerner_multi_passage_bert_triviaqa_without_viquae,404
Pyke_bart-finetuned-on-patent-Deepspeed-Test1,404
Pyke_bart-finetuned-on-patent-Deepspeed-Test3,404
Pyke_bart-finetuned-on-patent-Deepspeed-Test4,404
Pyke_bart-finetuned-on-patent-Deepspeed-Test6,404
Pyke_bart-finetuned-on-patent-Deepspeed-Test7,404
RAPIDS_distilbert-cyberlogs,404
RadhikaSatam_CovBert-radhika,404
Rostlab_prot_electra_discriminator_bfd,404
Rostlab_prot_xlnet,404
Sadaf_God,404
SpanBERT_spanbert-base-cased,404
SpanBERT_spanbert-large-cased,404
T1Berger_bert-base-cased-goemotions-emotion5,404
TODBERT_TOD-BERT-MLM-V1,404
TuhinColumbia_SimileLiteral,404
Upload_sahajbert2,404
Vivek_checkpoints,404
Vivek_gptneo_cose,404
Vivek_gptneo_cosmos,404
Vivek_gptneo_hellaswag,404
Vivek_gptneo_piqa,404
Vivek_gptneo_storycloze,404
Vivek_gptneo_winogrande,404
Weihan_electra_tokenizer,404
YNJI_ELECTRA,404
arbml_wav2vec2-large-xlsr-dialect-classification,404
absa_basic_reference_recognizer-lapt-0.1,404
absa_basic_reference_recognizer-rest-0.1,404
absa_bert-lapt-0.1,404
absa_bert-lapt-0.2,404
absa_bert-rest-0.1,404
absa_bert-rest-0.2,404
absa_bert-rest-lapt-0.1,404
absa_classifier-lapt-0.2.1,404
absa_classifier-lapt-0.2,404
absa_classifier-rest-0.1,404
absa_classifier-rest-0.2.1,404
absa_classifier-rest-0.2,404
adriansyahdr_adrBert-base-p2,404
ahanadeb_wav2vec2-large-indian-instrument-emotion-classification-v1,404
aidan-plenert-macdonald_gpt2-lv,404
aidan-plenert-macdonald_model_lv_custom,404
angiquer_twitterko-cha-electra-base-discriminator,404
angiquer_twitterko-electra-base-discriminator-large,404
angiquer_twitterko-electra-base-discriminator,404
anon-submission-mk_distilbert-base-macedonian-cased,404
anon-submission-mk_electra-base-macedonian-bulgarian-cased-discriminator,404
anon-submission-mk_electra-base-macedonian-cased-discriminator,404
anondo_test_anon,404
anton-l_wav2vec2-base-960h,502
aschvin_english_wav2_vec_classification,404
atahmasb_tf-layoutlm-large-uncased,502
aws-ai_pairsupcon-bert-base-uncased,404
aws-ai_pairsupcon-bert-large-uncased,404
bana513_opennmt-translator-en-hu,404
bandainamco-mirai_distilbert-base-japanese,404
briverse_vi-electra-base-cased,404
briverse_vi-electra-base-uncased,404
briverse_vi-electra-large-cased-800,404
briverse_vi-electra-large-cased,404
briverse_vi-electra-large-uncased-800,404
briverse_vi-electra-large-uncased,404
briverse_vi-electra-small-cased,404
briverse_vi-electra-small-uncased,404
cahya_gpt2-small-indonesian-personachat-empathetic,404
cahya_gpt2-small-indonesian-personachat,404
cahya_wav2vec2-base,404
carlosejimenez_vokenization-bert-small-k-10-v1-epoch0039,404
carlosejimenez_vokenization-bert-small-v1-epoch0039,404
carlosejimenez_wiki103_bert_small_final_e27,404
carlosejimenez_wiki103_bert_small_k1000_e27,404
carlosejimenez_wiki103_bert_small_k10_e27,404
carlosejimenez_wiki103_bert_small_non_visual_only_e27,404
carlosejimenez_wiki103_bert_small_visual_context_e27,404
carlosejimenez_wiki103_bert_small_visual_only_e27,404
castorini_mdpr-passage-nq,404
ceyda_clip-reply,404
charsiu_en_w2v2_fc_10ms,404
charsiu_en_w2v2_fc_10ms_32k,404
charsiu_en_w2v2_fc_20ms,404
charsiu_en_w2v2_fs_10ms,404
charsiu_en_w2v2_fs_20ms,404
charsiu_en_w2v2_fs_32k,404
charsiu_en_w2v2_tiny_fc_10ms,404
charsiu_zh_w2v2_tiny_fc_10ms,404
charsiu_zh_w2v2_tiny_fc_10ms_multicn,404
charsiu_zh_xlsr_fc_10ms,404
charsiu_zh_xlsr_fc_10ms_multicn,404
charsiu_zh_xlsr_fc_20ms,404
classla_bcms-bertic-geo,404
classla_bert-base-german-dbmdz-uncased-geo,404
classla_swissbert-geo,404
clip-italian_clip-it-margin,404
clue_roberta_chinese_3L768_clue_tiny,404
clue_roberta_chinese_clue_large,404
clue_roberta_chinese_clue_tiny,404
clue_roberta_chinese_pair_large,404
clue_roberta_chinese_pair_tiny,404
csarron_clip-vit-base-patch16,401
damien-ir_ko-rest-electra-discriminator,404
damien-ir_kosentelectra-discriminator-v1,404
damien-ir_kosentelectra-discriminator-v2-small,404
damien-ir_kosentelectra-discriminator-v2,404
damien-ir_kosentelectra-discriminator-v3,404
damien-ir_kosentelectra-discriminator-v4,404
damien-ir_kosentelectra-discriminator-v5,404
danasone_testpush,404
dbmdz_electra-base-german-europeana-cased-discriminator,404
dbmdz_electra-base-italian-mc4-cased-discriminator,404
dbmdz_electra-base-turkish-cased-v0-discriminator,404
ddemszky_Feb25_09-02-16_combined_education_dataset_02252021.json_6.25e-05_hist1-truncated-acd81d,404
ddemszky_supervised_finetuning_hist0_is_question_switchboard_question_detection.json_bs32_lr0.000063,404
ddobokki_vit-kogpt_trinity-coco-ko,404
deep-learning-analytics_segformer_semantic_segmentation,404
deepset_bert-small-mm_retrieval-passage_encoder,404
deepset_bert-small-mm_retrieval-table_encoder,404
denpa92_bert-base-cantonese,404
deokisys_BCtest,404
diiogo_electra-base,404
dingkun_retrievalv2,404
docketanalyzer_distilroberta-base-ddcl,404
doctorseus_bert-base-german-cased-brise-ctx,404
dsksd_bert-ko-small-minimal,404
dspoka_units-gen-d-u,404
enelpi_med-electra-small-30k-discriminator,404
enelpi_med-electra-small-64k-discriminator,404
enelpi_med-electra-small-discriminator,404
entelecheia_ekonbert-base,404
entelecheia_ekonelectra-base-discriminator,404
entelecheia_ekonelectra-small-discriminator,404
finiteautomata_bert-contextualized-hate-category-es,404
finiteautomata_bert-non-contextualized-hate-category-es,404
finiteautomata_beto-fine-grained-hatespeech-news,401
flax-community_wav2vec2-base-indonesian,404
fspanda_Electra-Medical-v1.5-discriminator,404
fspanda_Electra-Medical-v790000-discriminator,404
fspanda_electra-medical-discriminator,404
fspanda_electra-medical-small-discriminator,404
g8a9_vit-geppetto-captioning,404
giacomomiolo_bluebert_reupload,404
giacomomiolo_electramed_base_scivocab_1M,404
giacomomiolo_electramed_base_scivocab_500k,404
giacomomiolo_electramed_base_scivocab_750,404
giacomomiolo_electramed_base_scivocab_970k,404
giacomomiolo_electramed_small,404
giacomomiolo_electramed_small_scivocab,404
giacomomiolo_scibert_reupload,404
google_bert_for_seq_generation_L-24_bbc_encoder,404
google_bert_uncased_L-6_H-128_A-2,502
harish_BERT-Plus-CxG-100K,404
harish_BERT-Plus-CxG-20K,404
harish_BERTBaseClone-10000-6000000,404
harish_BERTBaseClone-2-10000,404
harish_BERTRand-10000-6000000,404
harish_BERTRand-2-10000,404
harish_CxGBERT-10000-6000000,404
harish_CxGBERT-2-10000,404
helboukkouri_character-bert-medical,404
helboukkouri_character-bert,404
henryk_bert-base-multilingual-cased-finetuned-dutch-squad1,404
hf-internal-testing_test_dynamic_model,404
hf-internal-testing_test_dynamic_model_with_util,404
hf-internal-testing_tiny-random-albert,404
hf-internal-testing_tiny-random-bart,404
hf-internal-testing_tiny-random-beit,404
hf-internal-testing_tiny-random-bert-tf-only,404
hf-internal-testing_tiny-random-bert,404
hf-internal-testing_tiny-random-big_bird,404
hf-internal-testing_tiny-random-bigbird_pegasus,404
hf-internal-testing_tiny-random-blenderbot-small,404
hf-internal-testing_tiny-random-blenderbot,404
hf-internal-testing_tiny-random-canine,404
hf-internal-testing_tiny-random-clip,404
hf-internal-testing_tiny-random-convbert,404
hf-internal-testing_tiny-random-ctrl,404
hf-internal-testing_tiny-random-deberta-v2,404
hf-internal-testing_tiny-random-deberta,404
hf-internal-testing_tiny-random-deit,404
hf-internal-testing_tiny-random-detr,404
hf-internal-testing_tiny-random-dpr,404
hf-internal-testing_tiny-random-electra,404
hf-internal-testing_tiny-random-flaubert,404
hf-internal-testing_tiny-random-fsmt,404
hf-internal-testing_tiny-random-funnel,404
hf-internal-testing_tiny-random-gpt2,404
hf-internal-testing_tiny-random-gpt_neo,404
hf-internal-testing_tiny-random-gptj,404
hf-internal-testing_tiny-random-hubert,404
hf-internal-testing_tiny-random-ibert,404
hf-internal-testing_tiny-random-imagegpt,404
hf-internal-testing_tiny-random-layoutlm,404
hf-internal-testing_tiny-random-led,404
hf-internal-testing_tiny-random-longformer,404
hf-internal-testing_tiny-random-luke,404
hf-internal-testing_tiny-random-lxmert,404
hf-internal-testing_tiny-random-m2m_100,404
hf-internal-testing_tiny-random-marian,404
hf-internal-testing_tiny-random-mbart,404
hf-internal-testing_tiny-random-megatron-bert,404
hf-internal-testing_tiny-random-mobilebert,404
hf-internal-testing_tiny-random-mpnet,404
hf-internal-testing_tiny-random-pegasus,404
hf-internal-testing_tiny-random-prophetnet,404
hf-internal-testing_tiny-random-reformer,404
hf-internal-testing_tiny-random-roberta,404
hf-internal-testing_tiny-random-roformer,404
hf-internal-testing_tiny-random-speech_to_text,404
hf-internal-testing_tiny-random-squeezebert,404
hf-internal-testing_tiny-random-t5-v1.1,404
hf-internal-testing_tiny-random-t5,404
hf-internal-testing_tiny-random-tapas,404
hf-internal-testing_tiny-random-transfo-xl,404
hf-internal-testing_tiny-random-vision-encoder-decoder,404
hf-internal-testing_tiny-random-visual_bert,404
hf-internal-testing_tiny-random-xlm,404
hf-internal-testing_tiny-random-xlnet,404
hkunlp_T5_3b_finetune_kvret_glmp2,404
hkunlp_T5_base_finetune_all_tasks_2upsample2,404
hkunlp_T5_base_finetune_kvret_glmp2,404
hkunlp_T5_base_prefix_all_tasks_2upsample2,404
hkunlp_T5_large_finetune_kvret_glmp2,404
hkunlp_from_all_T5_base_prefix_compwebq2,404
hkunlp_from_all_T5_base_prefix_cosql_with_cell_value2,404
hkunlp_from_all_T5_base_prefix_d2t_2upsample2,404
hkunlp_from_all_T5_base_prefix_dart2,404
hkunlp_from_all_T5_base_prefix_fact_2upsample2,404
hkunlp_from_all_T5_base_prefix_fetaqa2,404
hkunlp_from_all_T5_base_prefix_feverous2,404
hkunlp_from_all_T5_base_prefix_grailqa2,404
hkunlp_from_all_T5_base_prefix_hybridqa2,404
hkunlp_from_all_T5_base_prefix_kg_2upsample2,404
hkunlp_from_all_T5_base_prefix_kvret2,404
hkunlp_from_all_T5_base_prefix_logic2text2,404
hkunlp_from_all_T5_base_prefix_mmqa2,404
hkunlp_from_all_T5_base_prefix_mtop2,404
hkunlp_from_all_T5_base_prefix_multiwoz2,404
hkunlp_from_all_T5_base_prefix_qa_2upsample2,404
hkunlp_from_all_T5_base_prefix_sparc_with_cell_value2,404
hkunlp_from_all_T5_base_prefix_spider_with_cell_value2,404
hkunlp_from_all_T5_base_prefix_sqa2,404
hkunlp_from_all_T5_base_prefix_sql2text2,404
hkunlp_from_all_T5_base_prefix_sql_2upsample2,404
hkunlp_from_all_T5_base_prefix_tab_fact2,404
hkunlp_from_all_T5_base_prefix_totto2,404
hkunlp_from_all_T5_base_prefix_webqsp2,404
hkunlp_from_all_T5_base_prefix_wikisql2,404
hkunlp_from_all_T5_base_prefix_wikitq2,404
hkunlp_from_all_T5_large_prefix_compwebq2,404
hkunlp_from_all_T5_large_prefix_dart2,404
hkunlp_from_all_T5_large_prefix_fetaqa2,404
hkunlp_from_all_T5_large_prefix_feverous2,404
hkunlp_from_all_T5_large_prefix_grailqa2,404
hkunlp_from_all_T5_large_prefix_hybridqa2,404
hkunlp_from_all_T5_large_prefix_kvret2,404
hkunlp_from_all_T5_large_prefix_logic2text2,404
hkunlp_from_all_T5_large_prefix_mmqa2,404
hkunlp_from_all_T5_large_prefix_mtop2,404
hkunlp_from_all_T5_large_prefix_multiwoz2,404
hkunlp_from_all_T5_large_prefix_sparc_with_cell_value2,404
hkunlp_from_all_T5_large_prefix_spider_with_cell_value2,404
hkunlp_from_all_T5_large_prefix_sqa2,404
hkunlp_from_all_T5_large_prefix_sql2text2,404
hkunlp_from_all_T5_large_prefix_tab_fact2,404
hkunlp_from_all_T5_large_prefix_totto2,404
hkunlp_from_all_T5_large_prefix_webqsp2,404
hkunlp_from_all_T5_large_prefix_wikisql2,404
hkunlp_from_all_T5_large_prefix_wikitq2,404
hsiehpinghan_pretrained_model,404
huawei-noah_TinyBERT_General_6L_768D,404
ielab_TILDEv2-TILDE150-exp,404
ielab_TILDEv2-docTquery-exp,404
ielab_TILDEv2-noExp,404
iwontbecreative_rembert,404
jaesun_dpr-bert-finetuned-klue-retrieval-for-qa,404
jaesun_dpr-bert-model,404
jaketae_fastspeech2-ljspeech,404
jamesmullenbach_CLIP_DNote_BERT_Context,404
jinmang2_beit-large-patch16-224-dapt-facemask,404
jinmang2_pororo-roberta-base-ko-ner,404
jinmang2_pororo-roberta-base-mrc,404
jkulhanek_augpt-bigdata,404
jkulhanek_augpt-mw-20,404
jkulhanek_augpt-mw-21,404
jplu_tiny-tf-bert-random,404
jsm33_d4-adaptation,404
jsm33_d4-primary,404
jsm33_irony-classifier,404
juliamendelsohn_framing_immigration_specific,404
juliamendelsohn_framing_issue_generic,404
juliamendelsohn_framing_narrative,404
justin871030_bert-base-uncased-goemotions-ekman,404
justin871030_bert-base-uncased-goemotions-group,404
justin871030_bert-base-uncased-goemotions,404
kelvinih_pubmedbert-abs-base-lm-header,404
kevinrobinson_perturbations_table_quickstart,404
khizon_greek-speech-emotion-classifier-demo,404
kiyoung2_dpr_p-encoder_roberta-small,404
kiyoung2_dpr_q-encoder_roberta-small,404
kr0n0s_AssameseBert,404
krevas_finance-electra-small-discriminator,404
krupine_telectra-discriminator,404
kutayd_berttr,404
lagodw_reddit_bert,404
leeeki_roberta-large_Explainable,404
leonweber_PEDL,404
lonePatient_albert_chinese_small,404
lonePatient_roberta_chinese_clue_tiny,404
luffycodes_TAG_mems_str_128_lr_2e5_wd_01_block_512_train_bsz_6_topk_100_lambdah_0_w103,404
luffycodes_TAG_mems_str_128_lr_2e5_wd_01_block_512_train_bsz_6_topk_100_lambdah_dot05_w103,404
luffycodes_TAG_mems_str_128_lr_2e5_wd_01_block_512_train_bsz_6_topk_100_lambdah_d-truncated-f2d1db,404
luffycodes_TAG_mems_str_128_lr_2e5_wd_01_block_512_train_bsz_6_topk_100_lambdah_d-truncated-68f3ff,404
luffycodes_TAG_mems_str_128_lr_2e5_wd_01_block_512_train_bsz_6_topk_100_lambdah_d-truncated-a4da87,404
luffycodes_TAG_mems_str_128_lr_2e5_wd_01_block_512_train_bsz_6_topk_100_lambdah_d-truncated-97f2fb,404
luffycodes_TAG_mems_str_128_lr_2e5_wd_01_block_512_train_bsz_6_topk_100_lambdah_d-truncated-cf5b17,404
luffycodes_TAG_mems_str_128_lr_2e5_wd_01_block_512_train_bsz_6_topk_100_lambdah_d-truncated-7c4c0c,404
luffycodes_TAG_mems_str_128_lr_2e5_wd_01_block_512_train_bsz_6_topk_100_lambdah_d-truncated-a504ec,404
luffycodes_bb_narataka_roberta_base_nli_bsz_16_bb_bsz_16_nli_lr_3e6_bb_lr_3e6_wu_25k_grad_adam_mask,404
luffycodes_bb_narataka_roberta_base_nli_bsz_16_bb_bsz_16_nli_lr_3e6_bb_lr_3e6_wu_7k_grad_adam_mask,404
luffycodes_bb_narataka_roberta_large_nli_bsz_16_bb_bsz_16_nli_lr_1e5_bb_lr_1e5,404
luffycodes_bb_narataka_roberta_large_nli_bsz_16_bb_bsz_16_nli_lr_1e5_bb_lr_1e5_ep_10,404
luffycodes_bb_narataka_roberta_large_nli_bsz_16_bb_bsz_16_nli_lr_1e5_bb_lr_1e5_grad,404
luffycodes_bb_narataka_roberta_large_nli_bsz_16_bb_bsz_16_nli_lr_1e5_bb_lr_1e5_grad_adam,404
luffycodes_bb_narataka_roberta_large_nli_bsz_16_bb_bsz_16_nli_lr_1e5_bb_lr_1e5_norm_bb_mlm_loss,404
luffycodes_bb_narataka_roberta_large_nli_bsz_16_bb_bsz_16_nli_lr_1e5_bb_lr_1e5_oppo,404
luffycodes_bb_narataka_roberta_large_nli_bsz_16_bb_bsz_16_nli_lr_1e5_bb_lr_1e5_wu_10k,404
luffycodes_bb_narataka_roberta_large_nli_bsz_16_bb_bsz_16_nli_lr_1e5_bb_lr_1e5_wu_7k_grad_adam,404
luffycodes_bb_narataka_roberta_large_nli_bsz_16_bb_bsz_16_nli_lr_1e5_bb_lr_1e5_wu_7k_grad_adam_mask,404
luffycodes_bb_narataka_roberta_large_nli_bsz_16_bb_bsz_16_nli_lr_2e5_bb_lr_2e5,404
luffycodes_bb_narataka_roberta_large_nli_bsz_16_bb_bsz_16_nli_lr_2e5_bb_lr_2e5_norm_bb_mlm_loss,404
luffycodes_bb_narataka_roberta_large_nli_bsz_16_bb_bsz_16_nli_lr_2e6_bb_lr_2e6_wu_7k_grad_adam_mask,404
luffycodes_bb_narataka_roberta_large_nli_bsz_16_bb_bsz_16_nli_lr_3e5_bb_lr_3e5_grad_adam,404
luffycodes_bb_narataka_roberta_large_nli_bsz_16_bb_bsz_16_nli_lr_3e5_bb_lr_3e5_wu_7k_grad_adam,404
luffycodes_bb_narataka_roberta_large_nli_bsz_16_bb_bsz_16_nli_lr_3e6_bb_lr_3e6_wu_25k_ep_10_grad_adam_mask,404
luffycodes_bb_narataka_roberta_large_nli_bsz_16_bb_bsz_16_nli_lr_3e6_bb_lr_3e6_wu_7k_grad_adam_mask,404
luffycodes_bb_narataka_roberta_large_nli_bsz_16_bb_bsz_16_nli_lr_5e6_bb_lr_5e6_grad,404
luffycodes_bb_narataka_roberta_large_nli_bsz_16_bb_bsz_16_nli_lr_5e6_bb_lr_5e6_wu_25k_ep_10_grad_adam,404
luffycodes_bb_narataka_roberta_large_nli_bsz_16_bb_bsz_16_nli_lr_5e6_bb_lr_5e6_wu_7k_grad_adam,404
luffycodes_bb_narataka_roberta_large_nli_bsz_16_bb_bsz_16_nli_lr_5e6_bb_lr_5e6_wu_7k_grad_adam_mask,404
luffycodes_bb_narataka_roberta_large_nli_bsz_16_bb_bsz_16_nli_lr_5e6_bb_lr_5e6_wu_7k_grad_adam_orig_mask,404
luffycodes_bb_narataka_roberta_large_nli_bsz_16_bb_bsz_16_nli_lr_7e6_bb_lr_7e6_wu_7k_grad_adam_mask,404
luffycodes_bb_narataka_roberta_large_nli_bsz_24_bb_bsz_24_nli_lr_1e5_bb_lr_1e5_wu_7k_grad_adam_mask,404
luffycodes_bb_narataka_roberta_large_nli_bsz_32_bb_bsz_32_nli_lr_1e5_bb_lr_1e5_wu_7k_grad_adam_mask,404
luffycodes_mrpc_luffy_mnli_nli_bsz_16_bb_bsz_16_nli_lr_1e5_bb_lr_1e5_wu_250_ep_10,404
luffycodes_mrpc_roberta_large_mnli_nli_bsz_16_bb_bsz_16_nli_lr_1e5_bb_lr_1e5_wu_250_ep_10_clone,404
luffycodes_om_roberta_mnli_lr1e5_ep_10.model,404
luffycodes_om_roberta_mnli_lr1e5_ep_3.model,404
luffycodes_om_roberta_mnli_lr1e5_ep_5.model,404
luffycodes_om_roberta_mnli_lr1e5_nli_bb_lambda_dot5_ep_3.model,404
luffycodes_om_roberta_mnli_lr5e6_ep_10.model,404
luffycodes_om_roberta_mnli_lr5e6_ep_3.model,404
luffycodes_om_roberta_mnli_lr5e6_ep_5.model,404
luffycodes_om_roberta_mnli_lr5e6_nli_bb_lambda_dot5_ep_3.model,404
luffycodes_om_sm_nl_roberta_mnli_lr5e6_ep_5.model,404
luffycodes_reg-roberta-base-mrpc,404
lysandre_test_dynamic_model,404
lysandre_tiny-bert-random,404
lysandre_tiny-electra-random,404
lysandre_tiny-longformer-random,404
lysandre_tiny-random-detr,404
lysandre_tiny-roberta-random,404
mariagrandury_dummy,404
mariagrandury_wav2vec2-spanish,404
matheusntg_character-bert-pt-normal,404
matheusntg_character-bert-pt-small,404
michaelrglass_dpr-ctx_encoder-multiset-base-kgi0-trex,404
michaelrglass_dpr-ctx_encoder-multiset-base-kgi0-zsre,404
michaelrglass_rag-token-nq-kgi0-trex,404
michaelrglass_rag-token-nq-kgi0-zsre,404
miguelvictor_python-fromzero-lstmlm,404
minwoo_myelectra-small-discriminator,404
mofawzy_cstgan,404
monologg_bert-base-cased-goemotions-ekman,404
monologg_bert-base-cased-goemotions-group,404
monologg_bert-base-cased-goemotions-original,404
monologg_biobert_v1.0_pubmed_pmc,404
monologg_kocharelectra-base-discriminator,404
monologg_kocharelectra-base-finetuned-goemotions,404
monologg_kocharelectra-small-discriminator,404
monologg_kocharelectra-small-finetuned-goemotions,404
monologg_koelectra-base-finetuned-goemotions,404
monologg_koelectra-base-v1-goemotions,404
monologg_koelectra-base-v3-goemotions,404
monologg_koelectra-small-finetuned-goemotions,404
monologg_koelectra-small-v1-goemotions,404
monologg_koelectra-small-v2-discriminator,404
monologg_koelectra-small-v3-discriminator,404
monologg_koelectra-small-v3-goemotions,404
mrm8488_albert-base-v2-finetuned-mnli-pabee,404
mrm8488_electrovid19-small,404
mrm8488_es-tinybert-v1-1,404
mrm8488_es-tinybert-v1,404
myquyennguyen_ELECTRA_VN,404
nateraw_resnet101,404
nateraw_resnet152,404
nateraw_resnet18,404
nateraw_resnet34,404
nateraw_resnext101_32x8d,404
nateraw_resnext50_32x4d,404
nateraw_wide_resnet101_2,404
nateraw_wide_resnet50_2,404
nboost_pt-bert-base-uncased-msmarco,404
nboost_pt-bert-large-msmarco,404
nboost_pt-biobert-base-msmarco,404
nboost_pt-tinybert-msmarco,404
ncoop57_android_clip,404
nfliu_scibert_basevocab_uncased,404
nguyenthanhasia_BERTLaw,404
nielsr_detr-testje,404
nielsr_enformer-preview,404
nielsr_luke-large,404
nlpunibo_classifier,404
nlpunibo_distilbert_classifier,404
nlpunibo_distilbert_classifier2,404
nthoangcute_vibert-base-cased,404
nuod_wav2vec2,404
orko_milkyway_models,404
owen99630_catexp,404
patrickvonplaten_bigbird-roberta-large,404
patrickvonplaten_prophetnet-large-uncased-standalone,404
patrickvonplaten_rag-tiny-random,404
patrickvonplaten_realm-open-qa,404
patrickvonplaten_wav2vec2-base-v2,404
patrickvonplaten_wav2vec2-german-flax,404
patrickvonplaten_wav2vec2-reproduce,404
patrickvonplaten_wav2vec2-tpu-base,404
patrickvonplaten_wav2vec2_libri,404
patrickvonplaten_xprophetnet-large-uncased-standalone,404
pavanchhatpar_electra-base-sentence-splitter,404
pertschuk_bert-large-uncased-msmarco,404
peterchou_ernie-gram,404
peterchou_simbert-chinese-base,404
peterchou_unilm-chinese-base,404
pi3ni0_pubmedqa-scibert-classical,404
pi3ni0_pubmedqa-scibert-special,404
pie_example-ner-spanclf-conll03,404
pie_example-re-textclf-tacred,404
princeton-nlp_datamux-mnli-10,404
princeton-nlp_datamux-mnli-2,404
princeton-nlp_datamux-mnli-20,404
princeton-nlp_datamux-mnli-40,404
princeton-nlp_datamux-mnli-5,404
princeton-nlp_datamux-qnli-10,404
princeton-nlp_datamux-qnli-2,404
princeton-nlp_datamux-qnli-20,404
princeton-nlp_datamux-qnli-40,404
princeton-nlp_datamux-qnli-5,404
princeton-nlp_datamux-qqp-10,404
princeton-nlp_datamux-qqp-2,404
princeton-nlp_datamux-qqp-20,404
princeton-nlp_datamux-qqp-40,404
princeton-nlp_datamux-qqp-5,404
princeton-nlp_datamux-retrieval-10,404
princeton-nlp_datamux-retrieval-2,404
princeton-nlp_datamux-retrieval-20,404
princeton-nlp_datamux-retrieval-40,404
princeton-nlp_datamux-retrieval-5,404
princeton-nlp_datamux-sst2-10,404
princeton-nlp_datamux-sst2-2,404
princeton-nlp_datamux-sst2-20,404
princeton-nlp_datamux-sst2-40,404
princeton-nlp_datamux-sst2-5,404
princeton-nlp_densephrases-multi-query-ay2,404
princeton-nlp_densephrases-multi-query-kilt-multi,404
princeton-nlp_densephrases-multi-query-multi,404
princeton-nlp_densephrases-multi-query-nq,404
princeton-nlp_densephrases-multi-query-sqd,404
princeton-nlp_densephrases-multi-query-tqa,404
princeton-nlp_densephrases-multi-query-trec,404
princeton-nlp_densephrases-multi-query-wow,404
princeton-nlp_densephrases-multi-query-wq,404
princeton-nlp_densephrases-multi,404
promisemee_odqa-roberta-large,404
rafagudinov_ru_rent_estate_ads,404
raybin_model_out,404
reSearch2vec_NLR_cs,404
rndlr96_EnBERT_BCE,404
rndlr96_Focalbest,404
rndlr96_Nfocal_label_v2,404
rndlr96_Nfocal_label_v2_512,404
rndlr96_bce_cls_5e_512,404
rndlr96_cls_256,404
rndlr96_kobert_cls_ipc,404
rndlr96_kobert_label_ipc,404
rndlr96_label256,404
robot-bengali-2_sahajbert2,404
robot-test_dummy-tokenizer-fast-with-model-config,404
sampathkethineedi_bert-topic-sentiment,404
schen_longformer-chinese-base-4096,404
severinsimmler_bert-adapted-german-press,404
sgugger_custom-resnet,404
sgugger_custom-resnet50d,404
sgugger_my-bert-model,404
sivasankalpp_dpr-multidoc2dial-structure-ctx-encoder,404
sivasankalpp_dpr-multidoc2dial-token-ctx-encoder,404
sjyhne_audio_emotion,404
slider_ernie-gram,404
sravya_ELECTRA_SD_V4,404
sripadhstudy_500_SAB_TAxxL_truncate_12_layers,404
sripadhstudy_500_SAB_TAxxL_truncate_768,404
srush_bert_uncased_L-2_H-128_A-2,404
stonkgs_protstonkgs,404
stonkgs_stonkgs-150k,404
stonkgs_stonkgs-300k,404
studio-ousia_luke-large-finetuned-open-entity,404
studio-ousia_luke-large-finetuned-tacred,404
subbareddyiiit_music_cog,404
sunhao666_chi-sina,404
tanmoyio_test-model,404
thomwolf_vqgan_imagenet_f16_1024,404
tktung_aicovid_pretrain,404
tkwoo_electra-small-discriminator,404
tli8hf_robertabase-crf-conll2012,404
tli8hf_robertabase-structured-tuning-srl-conll2012,404
tli8hf_robertabase_snli,404
tmills_clinical_tempeval_roberta-base,404
tmills_event-thyme-colon,404
tmills_timex-thyme-colon,404
tobiaslee_bert-6L-768H,404
tuhailong_SimCSE-RoBRTa-wwm-ext,404
tuhailong_SimCSE-electra-180g-small-generator,404
uclanlp_visualbert-nlvr2-coco-pre,404
uclanlp_visualbert-nlvr2-pre,404
uclanlp_visualbert-nlvr2,404
uclanlp_visualbert-vcr-coco-pre,404
uclanlp_visualbert-vcr-pre,404
uclanlp_visualbert-vcr,404
uclanlp_visualbert-vqa-coco-pre,404
uclanlp_visualbert-vqa-pre,404
valhalla_awesome-model,404
valhalla_awesome-model_v3,404
valhalla_cogview-vqvae-test,404
vasudevgupta_amazon-ml-hack-bert-base-augment,404
vasudevgupta_amazon-ml-hack-bert-base,404
vasudevgupta_amazon-ml-hack-best,404
vasudevgupta_amazon-ml-hack-only-title-brand,404
veroman_TourBERT,404
vesteinn_open-qa-icelandic-densephrases,404
vesteinn_open-qa-icelandic-english-densephrases,404
vincentlu073_legal-zh-multi-span-bio,404
visualjoyce_chengyubert_2stage_stage1_wwm_ext,404
visualjoyce_transformers4vl-uniter-base,404
visualjoyce_transformers4vl-vilbert-mt,404
visualjoyce_transformers4vl-vilbert,404
yerevann_m3-gen-only-generator,404
yihanlin_scibert_scivocab_uncased,404
yoonseob_ysBERT,404
ytlin_1klqb7u9_35,404
ytlin_1pm2c7qw_5,404
ytlin_1pm2c7qw_6,404
ytlin_35oote4t_52,404
yysung53_dpr,404
yzhou992_NetMind-20211104-781,404
yzhou992_test_model,404
zgotter_test,404
zharry29_goal_benchmark_gpt,404
zharry29_order_benchmark_gpt,404
zharry29_step_benchmark_gpt,404
luffycodes_reg-roberta-large-mrpc,404
hf-internal-testing_tiny-random-data2vec-xvector,404
hf-internal-testing_tiny-random-data2vec-audio-frame,404
tmills_cnlpt-negation-roberta-sharpseed,404
princeton-nlp_datamux-ner-2,404
princeton-nlp_datamux-ner-5,404
princeton-nlp_datamux-ner-10,404
princeton-nlp_datamux-ner-20,404
princeton-nlp_datamux-ner-40,404
Ariana2022_tape_katy,404
patrickvonplaten_dummy_model,404
davidlopez_distilbert-base-uncased-go-emotion-cyberblue,404
Vasily_match,404
Vasily_reduce,404
zuppif_maskformer-swin-large-coco,404
zuppif_maskformer-swin-small-coco,404
zuppif_maskformer-swin-tiny-coco,404
zuppif_maskformer-swin-base-coco,404
zuppif_maskformer-swin-base-ade,404
zuppif_maskformer-swin-large-ade,404
zuppif_maskformer-swin-tiny-ade,404
snoop2head_Deep-Shallow-Ko2En,404
zhiweitong_rag-sequence-base-qg,404
snoop2head_Deep-Shallow-En2Ko,404
zuppif_resnetd-18,404
zuppif_resnetd-26,404
zuppif_resnetd-34,404
zuppif_resnetd-50,404
zuppif_resnetd-101,404
zuppif_resnetd-152,404
zuppif_resnetd-200,404
navervision_KELIP,404
davidlopez_distilbert-base-uncased-go-emotion-EnkelMode-cyberblue,404
transZ_BART_shared_clean,404
transZ_BART_shared_aug,404
gagan3012_TrOCR-Ar,404
jaketae_fastspeech2-commonvoice,404
dingkun_retrieval_v3,404
neal49_distilbert-sst2-withmlm-5e-1,404
zuppif_resnet-d-18,404
zuppif_resnet-d-26,404
zuppif_resnet-d-34,404
zuppif_resnet-d-50,404
zuppif_resnet-d-101,404
zuppif_resnet-d-152,404
zuppif_resnet-d-200,404
eliasws_openApiT5-labeled-v1,404
nsorros_my_model,404
NCAI_NCAI-BERT,404
myunusseker_distilbert-base-uncased-go-emotion,404
RichardWang_test,404
luffycodes_reg-roberta-small-mrpc,404
medhabi_distilbert-base-uncased-score-pred,404
nielsr_segformer-test,404
luffycodes_roberta-base-mrpc,404
rematchka_Bert-model,404
medhabi_distilbert-base-uncased-score-pred-night,404
transZ_BART_shared_v2,404
medhabi_distilbert-base-uncased-score-pred-night-2,404
ybelkada_focusondepth,404
Saitomar_TrOCR-Vit-Roberta-bn,404
Saitomar_TrOCR-Vit-Roberta-bn-2,404
maximedb_latexical,404
cestwc_roberta-base-emb,404
dennishe97_longformer-code-relatedness,404
DongHyoungLee_dummy-model,404
npleshkanov_dannysmirnov_toxicity_model,404
Sarmila_layoutlmv2-finetuned-funsd-test,404
kniemiec_test,404
kniemiec_segformer-b0-finetuned-segments-sidewalk-OST,404
juliensimon_autotrain-tabular-demo-762523398,401
DongHyoungLee_bluebert-base-uncased-tokenclassification-2layers,404
npleshkanov_adapter_labse_intent_classifier,404
DongHyoungLee_oubiobert-tokenclassification-2layers-init,404
artemis13fowl_test_model,404
vgp314_clip-birds,404
nz_RITA_s,404
gagan3012_ArOCRv3,404
nz_RITA_m,404
nz_RITA_l,404
nz_RITA_xl,404
ia_segformer-finetuned-sidewalk-10k-steps,404
dyyyyyyyy_xTune_panx_XLM-RoBERTa-large,404
dyyyyyyyy_xTune_squad_XLM-RoBERTa-large,404
lsanochkin_distilelectra-base,404
hf-internal-testing_wav2vec2-conformer-frame-class,404
hf-internal-testing_wav2vec2-conformer-xvector,404
vblagoje_greaselm-obqa,404
dyyyyyyyy_xTune_squad_XLM-RoBERTa-base,404
dyyyyyyyy_xTune_panx_XLM-RoBERTa-base,404
dyyyyyyyy_xTune_udpos_XLM-RoBERTa-base,404
dyyyyyyyy_xTune_udpos_XLM-RoBERTa-large,404
crabz_exp2,404
crabz_exp3,404
crabz_exp4,404
crabz_exp5,404
bilelomrani_lilt-camembert-base-title-classifier,404
algoprog_mimics-multilabel-roberta-base-787,404
lvwerra_gpt2-imdb-pos-v2,404
Xikun_greaselm-obqa,404
nateraw_segformer-finetuned-sidewalk-10k-steps,404
ceggian_bert_post_trained_reddit_batch512,404
CEBaB_bert-base-uncased.CEBaB.sa.2-class.exclusive.seed_42,404
CEBaB_gpt2.CEBaB.sa.2-class.exclusive.seed_42,404
CEBaB_bert-base-uncased.CEBaB.sa.3-class.exclusive.seed_42,404
CEBaB_gpt2.CEBaB.sa.3-class.exclusive.seed_42,404
CEBaB_bert-base-uncased.CEBaB.sa.5-class.exclusive.seed_42,404
CEBaB_gpt2.CEBaB.sa.5-class.exclusive.seed_42,404
CEBaB_bert-base-uncased.CEBaB.sa.2-class.exclusive.seed_66,404
CEBaB_gpt2.CEBaB.sa.2-class.exclusive.seed_66,404
CEBaB_bert-base-uncased.CEBaB.sa.3-class.exclusive.seed_66,404
CEBaB_gpt2.CEBaB.sa.3-class.exclusive.seed_66,404
CEBaB_bert-base-uncased.CEBaB.sa.5-class.exclusive.seed_66,404
CEBaB_gpt2.CEBaB.sa.5-class.exclusive.seed_66,404
CEBaB_bert-base-uncased.CEBaB.sa.2-class.exclusive.seed_77,404
CEBaB_gpt2.CEBaB.sa.2-class.exclusive.seed_77,404
CEBaB_bert-base-uncased.CEBaB.sa.3-class.exclusive.seed_77,404
CEBaB_gpt2.CEBaB.sa.3-class.exclusive.seed_77,404
CEBaB_bert-base-uncased.CEBaB.sa.5-class.exclusive.seed_77,404
CEBaB_gpt2.CEBaB.sa.5-class.exclusive.seed_77,404
CEBaB_bert-base-uncased.CEBaB.sa.2-class.exclusive.seed_88,404
CEBaB_gpt2.CEBaB.sa.2-class.exclusive.seed_88,404
CEBaB_bert-base-uncased.CEBaB.sa.3-class.exclusive.seed_88,404
CEBaB_gpt2.CEBaB.sa.3-class.exclusive.seed_88,404
CEBaB_bert-base-uncased.CEBaB.sa.5-class.exclusive.seed_88,404
CEBaB_gpt2.CEBaB.sa.5-class.exclusive.seed_88,404
CEBaB_bert-base-uncased.CEBaB.sa.2-class.exclusive.seed_99,404
CEBaB_gpt2.CEBaB.sa.2-class.exclusive.seed_99,404
CEBaB_bert-base-uncased.CEBaB.sa.3-class.exclusive.seed_99,404
CEBaB_gpt2.CEBaB.sa.3-class.exclusive.seed_99,404
CEBaB_bert-base-uncased.CEBaB.sa.5-class.exclusive.seed_99,404
CEBaB_gpt2.CEBaB.sa.5-class.exclusive.seed_99,404
ceggian_bert_post_trained_reddit_batch256,404
ceggian_bert_post_trained_reddit_batch128,404
ceggian_bert_post_trained_reddit_batch64,404
ceggian_bert_post_trained_reddit_batch32,404
CEBaB_bert-base-uncased.CEBaB-challenge.sa.2-class.exclusive.seed_42,404
CEBaB_bert-base-uncased.CEBaB-challenge.sa.2-class.exclusive.seed_66,404
CEBaB_bert-base-uncased.CEBaB-challenge.sa.2-class.exclusive.seed_77,404
CEBaB_bert-base-uncased.CEBaB-challenge.sa.2-class.exclusive.seed_88,404
CEBaB_bert-base-uncased.CEBaB-challenge.sa.2-class.exclusive.seed_99,404
CEBaB_bert-base-uncased.CEBaB-challenge.sa.2-class.inclusive.seed_42,404
CEBaB_bert-base-uncased.CEBaB-challenge.sa.2-class.inclusive.seed_66,404
CEBaB_bert-base-uncased.CEBaB-challenge.sa.2-class.inclusive.seed_77,404
CEBaB_bert-base-uncased.CEBaB-challenge.sa.2-class.inclusive.seed_88,404
CEBaB_bert-base-uncased.CEBaB-challenge.sa.2-class.inclusive.seed_99,404
CEBaB_bert-base-uncased.CEBaB.causalm.ambiance.2-class.exclusive.seed_42,404
CEBaB_bert-base-uncased.CEBaB.causalm.food.2-class.exclusive.seed_42,404
CEBaB_bert-base-uncased.CEBaB.causalm.service.2-class.exclusive.seed_42,404
CEBaB_bert-base-uncased.CEBaB.causalm.noise.2-class.exclusive.seed_42,404
CEBaB_bert-base-uncased.CEBaB.causalm.ambiance.2-class.exclusive.seed_43,404
CEBaB_bert-base-uncased.CEBaB.causalm.food.2-class.exclusive.seed_43,404
CEBaB_bert-base-uncased.CEBaB.causalm.service.2-class.exclusive.seed_43,404
CEBaB_bert-base-uncased.CEBaB.causalm.noise.2-class.exclusive.seed_43,404
CEBaB_bert-base-uncased.CEBaB.causalm.ambiance.2-class.exclusive.seed_44,404
CEBaB_bert-base-uncased.CEBaB.causalm.food.2-class.exclusive.seed_44,404
CEBaB_bert-base-uncased.CEBaB.causalm.service.2-class.exclusive.seed_44,404
CEBaB_bert-base-uncased.CEBaB.causalm.noise.2-class.exclusive.seed_44,404
CEBaB_bert-base-uncased.CEBaB.causalm.ambiance.2-class.exclusive.seed_45,404
CEBaB_bert-base-uncased.CEBaB.causalm.food.2-class.exclusive.seed_45,404
CEBaB_bert-base-uncased.CEBaB.causalm.service.2-class.exclusive.seed_45,404
CEBaB_bert-base-uncased.CEBaB.causalm.noise.2-class.exclusive.seed_45,404
CEBaB_bert-base-uncased.CEBaB.causalm.ambiance.2-class.exclusive.seed_46,404
CEBaB_bert-base-uncased.CEBaB.causalm.food.2-class.exclusive.seed_46,404
CEBaB_bert-base-uncased.CEBaB.causalm.service.2-class.exclusive.seed_46,404
CEBaB_bert-base-uncased.CEBaB.causalm.noise.2-class.exclusive.seed_46,404
CEBaB_bert-base-uncased.CEBaB.causalm.factual.2-class.exclusive.seed_42,404
CEBaB_bert-base-uncased.CEBaB.causalm.factual.2-class.exclusive.seed_43,404
CEBaB_bert-base-uncased.CEBaB.causalm.factual.2-class.exclusive.seed_44,404
CEBaB_bert-base-uncased.CEBaB.causalm.factual.2-class.exclusive.seed_45,404
CEBaB_bert-base-uncased.CEBaB.causalm.factual.2-class.exclusive.seed_46,404
CEBaB_t5-base.CEBaB.sa.2-class.inclusive.seed_42,404
CEBaB_t5-base.CEBaB.sa.3-class.inclusive.seed_42,404
CEBaB_t5-base.CEBaB.sa.5-class.inclusive.seed_42,404
CEBaB_t5-base.CEBaB.sa.2-class.inclusive.seed_66,404
CEBaB_t5-base.CEBaB.sa.3-class.inclusive.seed_66,404
CEBaB_t5-base.CEBaB.sa.5-class.inclusive.seed_66,404
CEBaB_t5-base.CEBaB.sa.2-class.inclusive.seed_77,404
CEBaB_t5-base.CEBaB.sa.3-class.inclusive.seed_77,404
CEBaB_t5-base.CEBaB.sa.5-class.inclusive.seed_77,404
CEBaB_t5-base.CEBaB.sa.2-class.inclusive.seed_88,404
CEBaB_t5-base.CEBaB.sa.3-class.inclusive.seed_88,404
CEBaB_t5-base.CEBaB.sa.5-class.inclusive.seed_88,404
CEBaB_t5-base.CEBaB.sa.2-class.inclusive.seed_99,404
CEBaB_t5-base.CEBaB.sa.3-class.inclusive.seed_99,404
CEBaB_t5-base.CEBaB.sa.5-class.inclusive.seed_99,404
CEBaB_t5-base.CEBaB.sa.2-class.exclusive.seed_42,404
CEBaB_t5-base.CEBaB.sa.3-class.exclusive.seed_42,404
CEBaB_t5-base.CEBaB.sa.5-class.exclusive.seed_42,404
CEBaB_t5-base.CEBaB.sa.2-class.exclusive.seed_66,404
CEBaB_t5-base.CEBaB.sa.3-class.exclusive.seed_66,404
CEBaB_t5-base.CEBaB.sa.5-class.exclusive.seed_66,404
CEBaB_t5-base.CEBaB.sa.2-class.exclusive.seed_77,404
CEBaB_t5-base.CEBaB.sa.3-class.exclusive.seed_77,404
CEBaB_t5-base.CEBaB.sa.5-class.exclusive.seed_77,404
CEBaB_t5-base.CEBaB.sa.2-class.exclusive.seed_88,404
CEBaB_t5-base.CEBaB.sa.3-class.exclusive.seed_88,404
CEBaB_t5-base.CEBaB.sa.5-class.exclusive.seed_88,404
CEBaB_t5-base.CEBaB.sa.2-class.exclusive.seed_99,404
CEBaB_t5-base.CEBaB.sa.3-class.exclusive.seed_99,404
CEBaB_t5-base.CEBaB.sa.5-class.exclusive.seed_99,404
CEBaB_t5-base.CEBaB.absa.inclusive.seed_42,404
CEBaB_t5-base.CEBaB.absa.inclusive.seed_66,404
CEBaB_t5-base.CEBaB.absa.inclusive.seed_77,404
CEBaB_t5-base.CEBaB.absa.inclusive.seed_88,404
CEBaB_t5-base.CEBaB.absa.inclusive.seed_99,404
CEBaB_t5-base.CEBaB.absa.exclusive.seed_42,404
CEBaB_t5-base.CEBaB.absa.exclusive.seed_66,404
CEBaB_t5-base.CEBaB.absa.exclusive.seed_77,404
CEBaB_t5-base.CEBaB.absa.exclusive.seed_88,404
CEBaB_t5-base.CEBaB.absa.exclusive.seed_99,404
CEBaB_bert-base-uncased.CEBaB.absa.exclusive.seed_42,404
CEBaB_bert-base-uncased.CEBaB.absa.exclusive.seed_66,404
CEBaB_bert-base-uncased.CEBaB.absa.exclusive.seed_77,404
CEBaB_bert-base-uncased.CEBaB.absa.exclusive.seed_88,404
CEBaB_bert-base-uncased.CEBaB.absa.exclusive.seed_99,404
CEBaB_gpt2.CEBaB.absa.exclusive.seed_42,404
CEBaB_gpt2.CEBaB.absa.exclusive.seed_66,404
CEBaB_gpt2.CEBaB.absa.exclusive.seed_77,404
CEBaB_gpt2.CEBaB.absa.exclusive.seed_88,404
CEBaB_gpt2.CEBaB.absa.exclusive.seed_99,404
CEBaB_gpt2.CEBaB.absa.inclusive.seed_42,404
CEBaB_bert-base-uncased.CEBaB.absa.inclusive.seed_42,404
CEBaB_gpt2.CEBaB.absa.inclusive.seed_66,404
CEBaB_bert-base-uncased.CEBaB.absa.inclusive.seed_66,404
CEBaB_gpt2.CEBaB.absa.inclusive.seed_77,404
CEBaB_bert-base-uncased.CEBaB.absa.inclusive.seed_77,404
CEBaB_gpt2.CEBaB.absa.inclusive.seed_88,404
CEBaB_bert-base-uncased.CEBaB.absa.inclusive.seed_88,404
CEBaB_gpt2.CEBaB.absa.inclusive.seed_99,404
CEBaB_bert-base-uncased.CEBaB.absa.inclusive.seed_99,404
rsd16_farsi_wiki_dump_5gram_lm,404
NCAI_Bert_backup,404
wooglee_gpt2-imdb-pos-v2,404
Matthijs_deeplabv3-mobilevit-x-small,404
Matthijs_deeplabv3-mobilevit-xx-small,404
Splend1dchan_wav2vec2-large-lv60_t5lephone-small_lna_bs64,404
armgabrielyan_video-summarization,404
Splend1dchan_wav2vec2-large-lv60_t5lephone-small_lnalrdiff_bs64,404
Splend1dchan_wav2vec2-large-lv60_t5lephone-small_nofreeze_bs64,404
CEBaB_lstm.CEBaB.causalm.ambiance__food.2-class.exclusive.seed_42,404
CEBaB_lstm.CEBaB.causalm.food__service.2-class.exclusive.seed_42,404
CEBaB_lstm.CEBaB.causalm.noise__food.2-class.exclusive.seed_42,404
CEBaB_lstm.CEBaB.causalm.service__food.2-class.exclusive.seed_42,404
CEBaB_lstm.CEBaB.causalm.ambiance__food.3-class.exclusive.seed_42,404
CEBaB_lstm.CEBaB.causalm.food__service.3-class.exclusive.seed_42,404
CEBaB_lstm.CEBaB.causalm.noise__food.3-class.exclusive.seed_42,404
CEBaB_lstm.CEBaB.causalm.service__food.3-class.exclusive.seed_42,404
CEBaB_lstm.CEBaB.causalm.ambiance__food.5-class.exclusive.seed_42,404
CEBaB_lstm.CEBaB.causalm.food__service.5-class.exclusive.seed_42,404
CEBaB_lstm.CEBaB.causalm.noise__food.5-class.exclusive.seed_42,404
CEBaB_lstm.CEBaB.causalm.service__food.5-class.exclusive.seed_42,404
CEBaB_lstm.CEBaB.causalm.ambiance__food.2-class.exclusive.seed_43,404
CEBaB_lstm.CEBaB.causalm.food__service.2-class.exclusive.seed_43,404
CEBaB_lstm.CEBaB.causalm.noise__food.2-class.exclusive.seed_43,404
CEBaB_lstm.CEBaB.causalm.service__food.2-class.exclusive.seed_43,404
CEBaB_lstm.CEBaB.causalm.ambiance__food.3-class.exclusive.seed_43,404
CEBaB_lstm.CEBaB.causalm.food__service.3-class.exclusive.seed_43,404
CEBaB_lstm.CEBaB.causalm.noise__food.3-class.exclusive.seed_43,404
CEBaB_lstm.CEBaB.causalm.service__food.3-class.exclusive.seed_43,404
CEBaB_lstm.CEBaB.causalm.ambiance__food.5-class.exclusive.seed_43,404
CEBaB_lstm.CEBaB.causalm.food__service.5-class.exclusive.seed_43,404
CEBaB_lstm.CEBaB.causalm.noise__food.5-class.exclusive.seed_43,404
CEBaB_lstm.CEBaB.causalm.service__food.5-class.exclusive.seed_43,404
CEBaB_lstm.CEBaB.causalm.ambiance__food.2-class.exclusive.seed_44,404
CEBaB_lstm.CEBaB.causalm.food__service.2-class.exclusive.seed_44,404
CEBaB_lstm.CEBaB.causalm.noise__food.2-class.exclusive.seed_44,404
CEBaB_lstm.CEBaB.causalm.service__food.2-class.exclusive.seed_44,404
CEBaB_lstm.CEBaB.causalm.ambiance__food.3-class.exclusive.seed_44,404
CEBaB_lstm.CEBaB.causalm.food__service.3-class.exclusive.seed_44,404
CEBaB_lstm.CEBaB.causalm.noise__food.3-class.exclusive.seed_44,404
CEBaB_lstm.CEBaB.causalm.service__food.3-class.exclusive.seed_44,404
CEBaB_lstm.CEBaB.causalm.ambiance__food.5-class.exclusive.seed_44,404
CEBaB_lstm.CEBaB.causalm.food__service.5-class.exclusive.seed_44,404
CEBaB_lstm.CEBaB.causalm.noise__food.5-class.exclusive.seed_44,404
CEBaB_lstm.CEBaB.causalm.service__food.5-class.exclusive.seed_44,404
CEBaB_lstm.CEBaB.causalm.ambiance__food.2-class.exclusive.seed_45,404
CEBaB_lstm.CEBaB.causalm.food__service.2-class.exclusive.seed_45,404
CEBaB_lstm.CEBaB.causalm.noise__food.2-class.exclusive.seed_45,404
CEBaB_lstm.CEBaB.causalm.service__food.2-class.exclusive.seed_45,404
CEBaB_lstm.CEBaB.causalm.ambiance__food.3-class.exclusive.seed_45,404
CEBaB_lstm.CEBaB.causalm.food__service.3-class.exclusive.seed_45,404
CEBaB_lstm.CEBaB.causalm.noise__food.3-class.exclusive.seed_45,404
CEBaB_lstm.CEBaB.causalm.service__food.3-class.exclusive.seed_45,404
CEBaB_lstm.CEBaB.causalm.ambiance__food.5-class.exclusive.seed_45,404
CEBaB_lstm.CEBaB.causalm.food__service.5-class.exclusive.seed_45,404
CEBaB_lstm.CEBaB.causalm.noise__food.5-class.exclusive.seed_45,404
CEBaB_lstm.CEBaB.causalm.service__food.5-class.exclusive.seed_45,404
CEBaB_lstm.CEBaB.causalm.ambiance__food.2-class.exclusive.seed_46,404
CEBaB_lstm.CEBaB.causalm.food__service.2-class.exclusive.seed_46,404
CEBaB_lstm.CEBaB.causalm.noise__food.2-class.exclusive.seed_46,404
CEBaB_lstm.CEBaB.causalm.service__food.2-class.exclusive.seed_46,404
CEBaB_lstm.CEBaB.causalm.ambiance__food.3-class.exclusive.seed_46,404
CEBaB_lstm.CEBaB.causalm.food__service.3-class.exclusive.seed_46,404
CEBaB_lstm.CEBaB.causalm.noise__food.3-class.exclusive.seed_46,404
CEBaB_lstm.CEBaB.causalm.service__food.3-class.exclusive.seed_46,404
CEBaB_lstm.CEBaB.causalm.ambiance__food.5-class.exclusive.seed_46,404
CEBaB_lstm.CEBaB.causalm.food__service.5-class.exclusive.seed_46,404
CEBaB_lstm.CEBaB.causalm.noise__food.5-class.exclusive.seed_46,404
CEBaB_lstm.CEBaB.causalm.service__food.5-class.exclusive.seed_46,404
CEBaB_lstm.CEBaB.causalm.None__None.2-class.exclusive.seed_42,404
CEBaB_lstm.CEBaB.causalm.None__None.3-class.exclusive.seed_42,404
CEBaB_lstm.CEBaB.causalm.None__None.5-class.exclusive.seed_42,404
CEBaB_lstm.CEBaB.causalm.None__None.2-class.exclusive.seed_43,404
CEBaB_lstm.CEBaB.causalm.None__None.3-class.exclusive.seed_43,404
CEBaB_lstm.CEBaB.causalm.None__None.5-class.exclusive.seed_43,404
CEBaB_lstm.CEBaB.causalm.None__None.2-class.exclusive.seed_44,404
CEBaB_lstm.CEBaB.causalm.None__None.3-class.exclusive.seed_44,404
CEBaB_lstm.CEBaB.causalm.None__None.5-class.exclusive.seed_44,404
CEBaB_lstm.CEBaB.causalm.None__None.2-class.exclusive.seed_45,404
CEBaB_lstm.CEBaB.causalm.None__None.3-class.exclusive.seed_45,404
CEBaB_lstm.CEBaB.causalm.None__None.5-class.exclusive.seed_45,404
CEBaB_lstm.CEBaB.causalm.None__None.2-class.exclusive.seed_46,404
CEBaB_lstm.CEBaB.causalm.None__None.3-class.exclusive.seed_46,404
CEBaB_lstm.CEBaB.causalm.None__None.5-class.exclusive.seed_46,404
CEBaB_bert-base-uncased.CEBaB.causalm.None__None.2-class.exclusive.seed_42,404
CEBaB_bert-base-uncased.CEBaB.causalm.None__None.2-class.exclusive.seed_43,404
CEBaB_bert-base-uncased.CEBaB.causalm.None__None.2-class.exclusive.seed_44,404
CEBaB_bert-base-uncased.CEBaB.causalm.None__None.2-class.exclusive.seed_45,404
CEBaB_bert-base-uncased.CEBaB.causalm.None__None.2-class.exclusive.seed_46,404
CEBaB_gpt2.CEBaB.causalm.None__None.2-class.exclusive.seed_42,404
CEBaB_gpt2.CEBaB.causalm.None__None.2-class.exclusive.seed_43,404
CEBaB_gpt2.CEBaB.causalm.None__None.2-class.exclusive.seed_44,404
CEBaB_gpt2.CEBaB.causalm.None__None.2-class.exclusive.seed_45,404
CEBaB_gpt2.CEBaB.causalm.None__None.2-class.exclusive.seed_46,404
CEBaB_bert-base-uncased.CEBaB.causalm.None__None.3-class.exclusive.seed_42,404
CEBaB_bert-base-uncased.CEBaB.causalm.None__None.3-class.exclusive.seed_43,404
CEBaB_bert-base-uncased.CEBaB.causalm.None__None.3-class.exclusive.seed_44,404
CEBaB_bert-base-uncased.CEBaB.causalm.None__None.3-class.exclusive.seed_45,404
CEBaB_bert-base-uncased.CEBaB.causalm.None__None.3-class.exclusive.seed_46,404
CEBaB_gpt2.CEBaB.causalm.None__None.3-class.exclusive.seed_42,404
CEBaB_bert-base-uncased.CEBaB.causalm.ambiance__food.2-class.exclusive.seed_42,404
CEBaB_gpt2.CEBaB.causalm.None__None.3-class.exclusive.seed_43,404
CEBaB_bert-base-uncased.CEBaB.causalm.ambiance__food.2-class.exclusive.seed_43,404
CEBaB_bert-base-uncased.CEBaB.causalm.ambiance__food.2-class.exclusive.seed_44,404
CEBaB_gpt2.CEBaB.causalm.None__None.3-class.exclusive.seed_44,404
CEBaB_bert-base-uncased.CEBaB.causalm.ambiance__food.2-class.exclusive.seed_45,404
CEBaB_gpt2.CEBaB.causalm.None__None.3-class.exclusive.seed_45,404
CEBaB_bert-base-uncased.CEBaB.causalm.ambiance__food.2-class.exclusive.seed_46,404
CEBaB_gpt2.CEBaB.causalm.None__None.3-class.exclusive.seed_46,404
CEBaB_bert-base-uncased.CEBaB.causalm.food__service.2-class.exclusive.seed_42,404
CEBaB_bert-base-uncased.CEBaB.causalm.food__service.2-class.exclusive.seed_43,404
CEBaB_bert-base-uncased.CEBaB.causalm.None__None.5-class.exclusive.seed_42,404
CEBaB_bert-base-uncased.CEBaB.causalm.food__service.2-class.exclusive.seed_44,404
CEBaB_bert-base-uncased.CEBaB.causalm.None__None.5-class.exclusive.seed_43,404
CEBaB_bert-base-uncased.CEBaB.causalm.food__service.2-class.exclusive.seed_45,404
CEBaB_bert-base-uncased.CEBaB.causalm.None__None.5-class.exclusive.seed_44,404
CEBaB_bert-base-uncased.CEBaB.causalm.food__service.2-class.exclusive.seed_46,404
CEBaB_bert-base-uncased.CEBaB.causalm.None__None.5-class.exclusive.seed_45,404
CEBaB_bert-base-uncased.CEBaB.causalm.noise__food.2-class.exclusive.seed_42,404
CEBaB_bert-base-uncased.CEBaB.causalm.noise__food.2-class.exclusive.seed_43,404
CEBaB_bert-base-uncased.CEBaB.causalm.noise__food.2-class.exclusive.seed_44,404
CEBaB_bert-base-uncased.CEBaB.causalm.None__None.5-class.exclusive.seed_46,404
CEBaB_bert-base-uncased.CEBaB.causalm.noise__food.2-class.exclusive.seed_45,404
CEBaB_gpt2.CEBaB.causalm.None__None.5-class.exclusive.seed_42,404
CEBaB_bert-base-uncased.CEBaB.causalm.noise__food.2-class.exclusive.seed_46,404
CEBaB_bert-base-uncased.CEBaB.causalm.service__food.2-class.exclusive.seed_42,404
CEBaB_gpt2.CEBaB.causalm.None__None.5-class.exclusive.seed_43,404
CEBaB_bert-base-uncased.CEBaB.causalm.service__food.2-class.exclusive.seed_43,404
CEBaB_bert-base-uncased.CEBaB.causalm.service__food.2-class.exclusive.seed_44,404
CEBaB_gpt2.CEBaB.causalm.None__None.5-class.exclusive.seed_44,404
CEBaB_bert-base-uncased.CEBaB.causalm.service__food.2-class.exclusive.seed_45,404
CEBaB_gpt2.CEBaB.causalm.None__None.5-class.exclusive.seed_45,404
CEBaB_bert-base-uncased.CEBaB.causalm.service__food.2-class.exclusive.seed_46,404
CEBaB_gpt2.CEBaB.causalm.None__None.5-class.exclusive.seed_46,404
CEBaB_gpt2.CEBaB.causalm.ambiance__food.2-class.exclusive.seed_42,404
CEBaB_gpt2.CEBaB.causalm.ambiance__food.2-class.exclusive.seed_43,404
CEBaB_gpt2.CEBaB.causalm.ambiance__food.2-class.exclusive.seed_44,404
CEBaB_gpt2.CEBaB.causalm.ambiance__food.2-class.exclusive.seed_45,404
CEBaB_gpt2.CEBaB.causalm.ambiance__food.2-class.exclusive.seed_46,404
CEBaB_gpt2.CEBaB.causalm.food__service.2-class.exclusive.seed_42,404
CEBaB_gpt2.CEBaB.causalm.food__service.2-class.exclusive.seed_43,404
CEBaB_gpt2.CEBaB.causalm.food__service.2-class.exclusive.seed_44,404
CEBaB_gpt2.CEBaB.causalm.food__service.2-class.exclusive.seed_45,404
CEBaB_gpt2.CEBaB.causalm.food__service.2-class.exclusive.seed_46,404
CEBaB_gpt2.CEBaB.causalm.noise__food.2-class.exclusive.seed_42,404
CEBaB_gpt2.CEBaB.causalm.noise__food.2-class.exclusive.seed_43,404
CEBaB_gpt2.CEBaB.causalm.noise__food.2-class.exclusive.seed_44,404
CEBaB_gpt2.CEBaB.causalm.noise__food.2-class.exclusive.seed_45,404
CEBaB_gpt2.CEBaB.causalm.noise__food.2-class.exclusive.seed_46,404
CEBaB_gpt2.CEBaB.causalm.service__food.2-class.exclusive.seed_42,404
CEBaB_gpt2.CEBaB.causalm.service__food.2-class.exclusive.seed_43,404
CEBaB_gpt2.CEBaB.causalm.service__food.2-class.exclusive.seed_44,404
CEBaB_gpt2.CEBaB.causalm.service__food.2-class.exclusive.seed_45,404
CEBaB_gpt2.CEBaB.causalm.service__food.2-class.exclusive.seed_46,404
CEBaB_bert-base-uncased.CEBaB.causalm.ambiance__food.3-class.exclusive.seed_42,404
CEBaB_bert-base-uncased.CEBaB.causalm.ambiance__food.3-class.exclusive.seed_43,404
CEBaB_bert-base-uncased.CEBaB.causalm.ambiance__food.3-class.exclusive.seed_44,404
CEBaB_bert-base-uncased.CEBaB.causalm.ambiance__food.3-class.exclusive.seed_45,404
CEBaB_bert-base-uncased.CEBaB.causalm.ambiance__food.3-class.exclusive.seed_46,404
CEBaB_bert-base-uncased.CEBaB.causalm.food__service.3-class.exclusive.seed_42,404
CEBaB_bert-base-uncased.CEBaB.causalm.food__service.3-class.exclusive.seed_43,404
CEBaB_bert-base-uncased.CEBaB.causalm.food__service.3-class.exclusive.seed_44,404
CEBaB_bert-base-uncased.CEBaB.causalm.food__service.3-class.exclusive.seed_45,404
CEBaB_bert-base-uncased.CEBaB.causalm.food__service.3-class.exclusive.seed_46,404
CEBaB_bert-base-uncased.CEBaB.causalm.noise__food.3-class.exclusive.seed_42,404
CEBaB_bert-base-uncased.CEBaB.causalm.noise__food.3-class.exclusive.seed_43,404
CEBaB_bert-base-uncased.CEBaB.causalm.noise__food.3-class.exclusive.seed_44,404
CEBaB_bert-base-uncased.CEBaB.causalm.noise__food.3-class.exclusive.seed_45,404
CEBaB_bert-base-uncased.CEBaB.causalm.noise__food.3-class.exclusive.seed_46,404
CEBaB_bert-base-uncased.CEBaB.causalm.service__food.3-class.exclusive.seed_42,404
CEBaB_bert-base-uncased.CEBaB.causalm.service__food.3-class.exclusive.seed_43,404
CEBaB_bert-base-uncased.CEBaB.causalm.service__food.3-class.exclusive.seed_44,404
CEBaB_bert-base-uncased.CEBaB.causalm.service__food.3-class.exclusive.seed_45,404
CEBaB_bert-base-uncased.CEBaB.causalm.service__food.3-class.exclusive.seed_46,404
CEBaB_gpt2.CEBaB.causalm.ambiance__food.3-class.exclusive.seed_42,404
CEBaB_gpt2.CEBaB.causalm.ambiance__food.3-class.exclusive.seed_43,404
CEBaB_gpt2.CEBaB.causalm.ambiance__food.3-class.exclusive.seed_44,404
CEBaB_gpt2.CEBaB.causalm.ambiance__food.3-class.exclusive.seed_45,404
CEBaB_gpt2.CEBaB.causalm.ambiance__food.3-class.exclusive.seed_46,404
CEBaB_gpt2.CEBaB.causalm.food__service.3-class.exclusive.seed_42,404
CEBaB_gpt2.CEBaB.causalm.food__service.3-class.exclusive.seed_43,404
CEBaB_gpt2.CEBaB.causalm.food__service.3-class.exclusive.seed_44,404
CEBaB_gpt2.CEBaB.causalm.food__service.3-class.exclusive.seed_45,404
CEBaB_gpt2.CEBaB.causalm.food__service.3-class.exclusive.seed_46,404
CEBaB_gpt2.CEBaB.causalm.noise__food.3-class.exclusive.seed_42,404
CEBaB_gpt2.CEBaB.causalm.noise__food.3-class.exclusive.seed_43,404
CEBaB_gpt2.CEBaB.causalm.noise__food.3-class.exclusive.seed_44,404
CEBaB_gpt2.CEBaB.causalm.noise__food.3-class.exclusive.seed_45,404
CEBaB_gpt2.CEBaB.causalm.noise__food.3-class.exclusive.seed_46,404
CEBaB_gpt2.CEBaB.causalm.service__food.3-class.exclusive.seed_42,404
CEBaB_gpt2.CEBaB.causalm.service__food.3-class.exclusive.seed_43,404
CEBaB_gpt2.CEBaB.causalm.service__food.3-class.exclusive.seed_44,404
CEBaB_gpt2.CEBaB.causalm.service__food.3-class.exclusive.seed_45,404
CEBaB_gpt2.CEBaB.causalm.service__food.3-class.exclusive.seed_46,404
CEBaB_bert-base-uncased.CEBaB.causalm.ambiance__food.5-class.exclusive.seed_42,404
CEBaB_bert-base-uncased.CEBaB.causalm.ambiance__food.5-class.exclusive.seed_43,404
CEBaB_bert-base-uncased.CEBaB.causalm.ambiance__food.5-class.exclusive.seed_44,404
CEBaB_bert-base-uncased.CEBaB.causalm.ambiance__food.5-class.exclusive.seed_45,404
CEBaB_bert-base-uncased.CEBaB.causalm.ambiance__food.5-class.exclusive.seed_46,404
CEBaB_bert-base-uncased.CEBaB.causalm.food__service.5-class.exclusive.seed_42,404
CEBaB_bert-base-uncased.CEBaB.causalm.food__service.5-class.exclusive.seed_43,404
CEBaB_bert-base-uncased.CEBaB.causalm.food__service.5-class.exclusive.seed_44,404
CEBaB_bert-base-uncased.CEBaB.causalm.food__service.5-class.exclusive.seed_45,404
CEBaB_bert-base-uncased.CEBaB.causalm.food__service.5-class.exclusive.seed_46,404
CEBaB_bert-base-uncased.CEBaB.causalm.noise__food.5-class.exclusive.seed_42,404
CEBaB_bert-base-uncased.CEBaB.causalm.noise__food.5-class.exclusive.seed_43,404
CEBaB_bert-base-uncased.CEBaB.causalm.noise__food.5-class.exclusive.seed_44,404
CEBaB_bert-base-uncased.CEBaB.causalm.noise__food.5-class.exclusive.seed_45,404
CEBaB_bert-base-uncased.CEBaB.causalm.noise__food.5-class.exclusive.seed_46,404
CEBaB_bert-base-uncased.CEBaB.causalm.service__food.5-class.exclusive.seed_42,404
CEBaB_bert-base-uncased.CEBaB.causalm.service__food.5-class.exclusive.seed_43,404
CEBaB_bert-base-uncased.CEBaB.causalm.service__food.5-class.exclusive.seed_44,404
CEBaB_bert-base-uncased.CEBaB.causalm.service__food.5-class.exclusive.seed_45,404
CEBaB_bert-base-uncased.CEBaB.causalm.service__food.5-class.exclusive.seed_46,404
CEBaB_gpt2.CEBaB.causalm.ambiance__food.5-class.exclusive.seed_42,404
CEBaB_gpt2.CEBaB.causalm.ambiance__food.5-class.exclusive.seed_43,404
CEBaB_gpt2.CEBaB.causalm.ambiance__food.5-class.exclusive.seed_44,404
CEBaB_gpt2.CEBaB.causalm.ambiance__food.5-class.exclusive.seed_45,404
CEBaB_gpt2.CEBaB.causalm.ambiance__food.5-class.exclusive.seed_46,404
CEBaB_gpt2.CEBaB.causalm.food__service.5-class.exclusive.seed_42,404
CEBaB_gpt2.CEBaB.causalm.food__service.5-class.exclusive.seed_43,404
CEBaB_gpt2.CEBaB.causalm.food__service.5-class.exclusive.seed_44,404
CEBaB_gpt2.CEBaB.causalm.food__service.5-class.exclusive.seed_45,404
CEBaB_gpt2.CEBaB.causalm.food__service.5-class.exclusive.seed_46,404
CEBaB_gpt2.CEBaB.causalm.noise__food.5-class.exclusive.seed_42,404
CEBaB_gpt2.CEBaB.causalm.noise__food.5-class.exclusive.seed_43,404
CEBaB_gpt2.CEBaB.causalm.noise__food.5-class.exclusive.seed_44,404
CEBaB_gpt2.CEBaB.causalm.noise__food.5-class.exclusive.seed_45,404
CEBaB_gpt2.CEBaB.causalm.noise__food.5-class.exclusive.seed_46,404
CEBaB_gpt2.CEBaB.causalm.service__food.5-class.exclusive.seed_42,404
CEBaB_gpt2.CEBaB.causalm.service__food.5-class.exclusive.seed_43,404
CEBaB_gpt2.CEBaB.causalm.service__food.5-class.exclusive.seed_44,404
CEBaB_gpt2.CEBaB.causalm.service__food.5-class.exclusive.seed_45,404
CEBaB_gpt2.CEBaB.causalm.service__food.5-class.exclusive.seed_46,404
CEBaB_roberta-base.CEBaB.causalm.None__None.2-class.exclusive.seed_42,404
CEBaB_roberta-base.CEBaB.causalm.None__None.2-class.exclusive.seed_43,404
CEBaB_roberta-base.CEBaB.causalm.None__None.2-class.exclusive.seed_44,404
CEBaB_roberta-base.CEBaB.causalm.None__None.2-class.exclusive.seed_45,404
CEBaB_roberta-base.CEBaB.causalm.None__None.2-class.exclusive.seed_46,404
CEBaB_roberta-base.CEBaB.causalm.None__None.3-class.exclusive.seed_42,404
CEBaB_roberta-base.CEBaB.causalm.None__None.3-class.exclusive.seed_43,404
CEBaB_roberta-base.CEBaB.causalm.None__None.3-class.exclusive.seed_44,404
CEBaB_roberta-base.CEBaB.causalm.None__None.3-class.exclusive.seed_45,404
CEBaB_roberta-base.CEBaB.causalm.None__None.3-class.exclusive.seed_46,404
CEBaB_roberta-base.CEBaB.causalm.None__None.5-class.exclusive.seed_42,404
SI2M-Lab_DarijaBERT-mix,404
CEBaB_roberta-base.CEBaB.causalm.None__None.5-class.exclusive.seed_43,404
CEBaB_roberta-base.CEBaB.causalm.None__None.5-class.exclusive.seed_44,404
CEBaB_roberta-base.CEBaB.causalm.None__None.5-class.exclusive.seed_45,404
CEBaB_roberta-base.CEBaB.causalm.None__None.5-class.exclusive.seed_46,404
CEBaB_roberta-base.CEBaB.causalm.ambiance__food.2-class.exclusive.seed_42,404
CEBaB_roberta-base.CEBaB.causalm.ambiance__food.2-class.exclusive.seed_43,404
CEBaB_roberta-base.CEBaB.causalm.ambiance__food.2-class.exclusive.seed_44,404
CEBaB_roberta-base.CEBaB.causalm.ambiance__food.2-class.exclusive.seed_45,404
CEBaB_roberta-base.CEBaB.causalm.ambiance__food.2-class.exclusive.seed_46,404
CEBaB_roberta-base.CEBaB.causalm.food__service.2-class.exclusive.seed_42,404
CEBaB_roberta-base.CEBaB.causalm.food__service.2-class.exclusive.seed_43,404
CEBaB_roberta-base.CEBaB.causalm.food__service.2-class.exclusive.seed_44,404
CEBaB_roberta-base.CEBaB.causalm.food__service.2-class.exclusive.seed_45,404
CEBaB_roberta-base.CEBaB.causalm.food__service.2-class.exclusive.seed_46,404
CEBaB_roberta-base.CEBaB.causalm.noise__food.2-class.exclusive.seed_42,404
CEBaB_roberta-base.CEBaB.causalm.noise__food.2-class.exclusive.seed_43,404
CEBaB_roberta-base.CEBaB.causalm.noise__food.2-class.exclusive.seed_44,404
CEBaB_roberta-base.CEBaB.causalm.noise__food.2-class.exclusive.seed_45,404
CEBaB_roberta-base.CEBaB.causalm.noise__food.2-class.exclusive.seed_46,404
CEBaB_roberta-base.CEBaB.causalm.service__food.2-class.exclusive.seed_42,404
CEBaB_roberta-base.CEBaB.causalm.service__food.2-class.exclusive.seed_43,404
CEBaB_roberta-base.CEBaB.causalm.service__food.2-class.exclusive.seed_44,404
CEBaB_roberta-base.CEBaB.causalm.service__food.2-class.exclusive.seed_45,404
CEBaB_roberta-base.CEBaB.causalm.service__food.2-class.exclusive.seed_46,404
CEBaB_roberta-base.CEBaB.causalm.ambiance__food.3-class.exclusive.seed_42,404
CEBaB_roberta-base.CEBaB.causalm.ambiance__food.3-class.exclusive.seed_43,404
CEBaB_roberta-base.CEBaB.causalm.ambiance__food.3-class.exclusive.seed_44,404
CEBaB_roberta-base.CEBaB.causalm.ambiance__food.3-class.exclusive.seed_45,404
CEBaB_roberta-base.CEBaB.causalm.ambiance__food.3-class.exclusive.seed_46,404
CEBaB_roberta-base.CEBaB.causalm.food__service.3-class.exclusive.seed_42,404
CEBaB_roberta-base.CEBaB.causalm.food__service.3-class.exclusive.seed_43,404
CEBaB_roberta-base.CEBaB.causalm.food__service.3-class.exclusive.seed_44,404
CEBaB_roberta-base.CEBaB.causalm.food__service.3-class.exclusive.seed_45,404
CEBaB_roberta-base.CEBaB.causalm.food__service.3-class.exclusive.seed_46,404
CEBaB_roberta-base.CEBaB.causalm.noise__food.3-class.exclusive.seed_42,404
CEBaB_roberta-base.CEBaB.causalm.noise__food.3-class.exclusive.seed_43,404
CEBaB_roberta-base.CEBaB.causalm.noise__food.3-class.exclusive.seed_44,404
CEBaB_roberta-base.CEBaB.causalm.noise__food.3-class.exclusive.seed_45,404
CEBaB_roberta-base.CEBaB.causalm.noise__food.3-class.exclusive.seed_46,404
CEBaB_roberta-base.CEBaB.causalm.service__food.3-class.exclusive.seed_42,404
CEBaB_roberta-base.CEBaB.causalm.service__food.3-class.exclusive.seed_43,404
CEBaB_roberta-base.CEBaB.causalm.service__food.3-class.exclusive.seed_44,404
CEBaB_roberta-base.CEBaB.causalm.service__food.3-class.exclusive.seed_45,404
CEBaB_roberta-base.CEBaB.causalm.service__food.3-class.exclusive.seed_46,404
CEBaB_roberta-base.CEBaB.causalm.ambiance__food.5-class.exclusive.seed_42,404
CEBaB_roberta-base.CEBaB.causalm.ambiance__food.5-class.exclusive.seed_43,404
CEBaB_roberta-base.CEBaB.causalm.ambiance__food.5-class.exclusive.seed_44,404
CEBaB_roberta-base.CEBaB.causalm.ambiance__food.5-class.exclusive.seed_45,404
CEBaB_roberta-base.CEBaB.causalm.ambiance__food.5-class.exclusive.seed_46,404
CEBaB_roberta-base.CEBaB.causalm.food__service.5-class.exclusive.seed_42,404
CEBaB_roberta-base.CEBaB.causalm.food__service.5-class.exclusive.seed_43,404
CEBaB_roberta-base.CEBaB.causalm.food__service.5-class.exclusive.seed_44,404
CEBaB_roberta-base.CEBaB.causalm.food__service.5-class.exclusive.seed_45,404
CEBaB_roberta-base.CEBaB.causalm.food__service.5-class.exclusive.seed_46,404
CEBaB_roberta-base.CEBaB.causalm.noise__food.5-class.exclusive.seed_42,404
CEBaB_roberta-base.CEBaB.causalm.noise__food.5-class.exclusive.seed_43,404
CEBaB_roberta-base.CEBaB.causalm.noise__food.5-class.exclusive.seed_44,404
CEBaB_roberta-base.CEBaB.causalm.noise__food.5-class.exclusive.seed_45,404
CEBaB_roberta-base.CEBaB.causalm.noise__food.5-class.exclusive.seed_46,404
CEBaB_roberta-base.CEBaB.causalm.service__food.5-class.exclusive.seed_42,404
CEBaB_roberta-base.CEBaB.causalm.service__food.5-class.exclusive.seed_43,404
CEBaB_roberta-base.CEBaB.causalm.service__food.5-class.exclusive.seed_44,404
CEBaB_roberta-base.CEBaB.causalm.service__food.5-class.exclusive.seed_45,404
CEBaB_roberta-base.CEBaB.causalm.service__food.5-class.exclusive.seed_46,404
JorenGij_DT-inventory,404
donut32_dpr_ctx_encoder_multiset,404
oyousuf_afriberta_so1,404
hsiehpinghan_model_0,404
hsiehpinghan_model_1,404
hsiehpinghan_model_2,404
hsiehpinghan_model_3,404
hsiehpinghan_model_4,404
Splend1dchan_wav2vec2-large-lv60_byt5-small_nofreeze_bs64,404
gary109_ai-light-dance_pretrain_wav2vec2-large-lv60,404
Splend1dchan_wav2vec2-large-lv60_t5lephone-small_nofreeze_bs64_forST.cy.en,404
facebook_mcontriever-msmarco,404
facebook_mcontriever,404
Splend1dchan_wav2vec2-large-lv60_t5lephone-small_nofreeze_bs16_forMINDS,404
Splend1dchan_xtreme_s_xlsr_300m_freeze_minds14.en-US,404
Splend1dchan_xtreme_s_xlsr_300m_nofreeze_minds14.en-US,404
Splend1dchan_xtreme_s_w2v2_t5lephone-small_minds14.en-all,404
Splend1dchan_xtreme_s_w2v2_minds14.en-all,404
Splend1dchan_wav2vec2-large-lv60_mt5-base_nofreeze_bs64_drop.3,404
adnankhawaja_XLNET_RU,404
Splend1dchan_xtreme_s_xlsr_byt5-small_minds14.en-all,404
jmilic_model_name,404
Splend1dchan_wav2vec2-large-lv60_mt5-base_nofreeze_bs64,404
Splend1dchan_xtreme_s_xlsr_t5lephone-small_residual_minds14.en-all,404
jmilic_roberta-baseline-3,404
Splend1dchan_wav2vec2-large-lv60_mt5-base_textlna_bs64,404
TheoMrc_b3_ache_tests,404
TeetouchQQ_ThaiFood-Image-captioning,404
jmilic_adapter_bottleneck_final-2,404
freeparrot_pa-5a-model,404
quynhanh12345_segformer-b0-finetuned-ade-512-512,404
EthanChen0418_task2_macbert_multi_class,404
KB_electra-small-swedish-cased-discriminator,404
Splend1dchan_wav2vec2-large-lv60_byt5-small_nofreeze_bs64_2,404
valhalla_ldm-bert,404
Splend1dchan_wav2vec2-large-lv60_byt5-small_textdecoderonly_bs64,404
Splend1dchan_wav2vec2-large-lv60_t5lephone-small_textdecoderonly_bs64,404
jcrbsa_en-gpt2vit,404
winson_custom-resnet50d,404
Splend1dchan_wav2vec2-large-lv60_t5lephonev2-small_textdecoderonly_bs64,404
shoubhik_TrOCR_finetune,404
crystina-z_mGTR-mt5-base-mmarco-ru.epoch-5.enc-mean,404
Splend1dchan_wav2vec2-large-lv60_mt5-small_textdecoderonly_bs64,404
webshop_il-choice-bert-image_1,404
webshop_il-choice-bert-image_0,404
ryo0634_luke-base-embedding-predictor-20181220-concat,401
jhliu_ClinicalNoteBERT-base-uncased-NTD-MIMIC-segment,404
anugunj_omnivore-swinL-in21k,404
anugunj_omnivore-swinB-in21k,404
anugunj_omnivore-swinB,404
anugunj_omnivore-swinT,404
anugunj_omnivore-swinS,404
jhliu_ClinicalNoteBERT-base-uncased-NTP-MIMIC-note,404
crystina-z_mGTR-mt5-base-mmarco-all.epoch-10.enc-mean,404
Splend1dchan_wav2vec2-large-lv60_mt5lephone-small_textdecoderonly_bs64,404
crystina-z_mGTR-mt5-base-mmarco-all.epoch-2.87.enc-mean,404
adamlin_ConvBERT,404
crystina-z_mGTR-mt5-base-mmarco-all.epoch-1.gpu,404
Splend1dchan_wav2vec2-large-lv60_mt5-base_textdecoderonly_bs64,404
Motahar_clickbait-csebert,404
Splend1dchan_wav2vec2-large-lv60_byt5-base_textdecoderonly_bs64,404
slh_fcnet-base-cased,404
dbaranchuk_test-bloom-6bd,404
munggok_deberta-v3_mlm_base_indonesia,404
ajders_distilled_wav2vec2_xls_r_300m,401
Mjollnir1996_dpr_mod,404
Mindstorm314_AI-Camp-JS,404
nielsr_convnext-tiny-maskrcnn,404
snehan_dalle_bart_mini,404
webshop_il-rl-choice-bert-image_1,404
crystina-z_mGTR-mt5-base-mmarco-all.epoch-3.enc-mean.adafactor,404
ryo0634_luke-base-embedding_predictor-20181220,401
8X7K_anime-sentiment-analysis,404
tau_spider-trivia-ctx-encoder,404
tau_spider-nq-ctx-encoder,404
Jeongyeon_donut_ch_ticket,404
dbaranchuk_test-bloomd-6b3,404
slabschonoren_bert-encoding-finetuned-try1,404
ryo0634_luke-base-embedding_predictor-concat-20181220,401
crystina-z_mGTR-mt5-base-mmarco-all.epoch-10.enc-mean.adafactor,404
crystina-z_mGTR-mt5-base-mmarco-all.epoch-3.enc-mean.adafactor.lr-1e-3,404
justheuristic_test-bloomd-350m,404
gary109_ai-light-dance_pretrain2_wav2vec2-large-xlsr-53,404
lkwate_bert-nsp,404
edumunozsala_vit2bertin-coco-es,404
edumunozsala_vit2distilroberta-coco-en,404
edumunozsala_vit2gpt2-es-coco-es,404
edumunozsala_vit2roberta-bne-coco-es,404
edumunozsala_vit2roberta-base-coco-en,404
edumunozsala_vit2ruperta-coco-es,404
aws-ai_dse-distilbert-base,404
aws-ai_dse-bert-base,404
aws-ai_dse-bert-large,404
aws-ai_dse-roberta-base,404
aws-ai_dse-roberta-large,404
userGagan_segformer-b0-finetuned-segments-sidewalk-3,404
crystina-z_mGTR-mt5-base-mmarco-all.epoch-10.enc-mean.adafactor.lr-1e-3,404
Team-PIXEL_pixel-base-finetuned-parsing-ud-arabic-padt,404
Team-PIXEL_pixel-base-finetuned-parsing-ud-chinese-gsd,404
Team-PIXEL_pixel-base-finetuned-parsing-ud-coptic-scriptorium,404
Team-PIXEL_pixel-base-finetuned-parsing-ud-english-ewt,404
Team-PIXEL_pixel-base-finetuned-parsing-ud-hindi-hdtb,404
Team-PIXEL_pixel-base-finetuned-parsing-ud-japanese-gsd,404
Team-PIXEL_pixel-base-finetuned-parsing-ud-korean-gsd,404
Team-PIXEL_pixel-base-finetuned-parsing-ud-tamil-ttb,404
Team-PIXEL_pixel-base-finetuned-parsing-ud-vietnamese-vtb,404
userGagan_segformer-b0-finetuned-segments-sidewalk-5,404
userGagan_segformer-b0-finetuned-segments-sidewalk-6,404
hf-internal-testing_tiny-random-nllb,404
nakamura196_trocr-small-hi,404
KyleYu1054_sound_classification_hubert,404
jordyvl_biobert-base-cased-v1.2_ncbi_disease-CRFsubset-first-ner,404
Ankhitan_segformer-b0-finetuned-segments-sidewalk-11,404
shengnan_v-shean-visualize-202207162206,404
shengnan_visualize-v0-pre10w-preseed1-ft2w-seed1,404
tanfiona_unicausal,404
Ankhitan_1000-model1,404
shengnan_visualize-v0-pre10w-preseed1,404
shengnan_visualize-v1-pre10w-preseed1,404
shengnan_visualize-v2-pre10w-preseed1,404
shengnan_visualize-cst-v0-pre10w-preseed1,404
shengnan_visualize-cst-v1-pre10w-preseed1,404
shengnan_visualize-cst-v2-pre10w-preseed1,404
shengnan_visualize-v0-pre1k-preseed1,404
davanstrien_vit-base-patch16-224-in21k-fine-tuned,404
jordyvl_udpos28-en-CRF-first-POS,404
jordyvl_bert-base-cased_conll2003-lowC-CRF-first-ner,404
jordyvl_biobert-base-cased-v1.2_ncbi_disease-lowC-CRF-first-ner,404
eclat12450_fine-tuned-NSPbert-12,404
jordyvl_biobert-base-cased-v1.2_ncbi_disease-CRF-first-ner,404
nielsr_donut-base-finetuned-docvqa,404
eclat12450_fine-tuned-NSPbert-14,404
Migga_ViT-BERT-Chess-V3,404
nielsr_donut-base-finetuned-rvlcdip,404
nielsr_donut-base-finetuned-cord-v2,404
Ankhitan_1000-model5,404
enoriega_rule_learning_1mm_many_negatives_spanpred_avg_corrected,404
nakamura196_trocr-small-ndl,404
nielsr_donut-base,404
nielsr_donut-proto,404
eclat12450_fine-tuned-NSPKCbert-12,404
Doohae_lassl-electra-720k,404
eclat12450_fine-tuned-NSPKcBert-v2-10,404
eclat12450_fine-tuned-NSPKcBert-v3-10,404
RAYZ_openqa,404
eclat12450_fine-tuned-NSPKcBert-v4-10,404
Migga_ViTGPT2_Chess_V1,404
circulus_koelectra-emotion-v1,404
circulus_koelectra-ethics-v1,404
blmoistawinde_roformer-sim-ft-small-chinese,404
blmoistawinde_roformer-sim-ft-base-chinese,404
TheLitttleThings_DiffusionTest1,404
SAGAR4REAL_finsent_transformer,404
jonahgoldberg_bk_wht_8kun,404
shengnan_visualize-v0-pre10w-preseed1-ft2w-seed1-freeze2layers,404
Daniel-Saeedi_auto-debias-gender-bert-base-uncased,404
Daniel-Saeedi_auto-debias-albert-base-v2-race,404
MrAnderson_deberta_long_v2,404
MrAnderson_deberta_v3,404
TheLitttleThings_clip-archdaily-vision,404
ycchen_TrOCR-base-ver021-aicup-ft,404
sangcamap_mrc-vi-squad,401
Parikshat_my_model,404
Benito_layoutxlm-two-heads,404
nielsr_donut-base-finetuned-cord-v1,404
nielsr_donut-base-finetuned-zhtrainticket,404
nielsr_donut-base-finetuned-cord-v1-2560,404
pablojrios_segformer-b3-finetuned-drones,404
Parikshat_segformer_checkpoint_10,404
Migga_ViTGPT2_Chess_V1_finetuned,404
harveyagraphcore_roberta-base-finetuned-swag,404
jingtao_Dense-bert_base-contrast-msmarco,404
jingtao_Dense-bert_base-distil-msmarco,404
jingtao_Dense-bert_base-distil-dureader,404
jingtao_Dense-bert_base-contrast-dureader,404
al12ak_segformer_checkpoint_10,404
jordyvl_biobert-base-cased-v1.2_ncbi_disease-CRF_0.001-first-ner,404
jordyvl_biobert-base-cased-v1.2_ncbi_disease-lowC-CRF_0.001-first-ner,404
jordyvl_bert-base-cased_conll2003-CRF_0.001-first-ner,404
jordyvl_bert-base-cased_conll2003-lowC-CRF_0.001-first-ner,404
jordyvl_bert-base-cased_conll2003-CRF_0.001-first20epochsearlystop-ner,404
jordyvl_bert-base-cased_conll2003-CRF_0.001-first2epochslowestloss-ner,404
GeniusVoice_mini-bert-query-classifier-dutch,404
BAAI_glm-large,401
ryo0634_mluke-base-embedding_predictor-20201201,401
maykcaldas_selfies-bart,404
circulus_koelectra-act-v1,404
shahrukhx01_simcse-smole-bert-muv,404
shahrukhx01_simcse-smole-bert-muv-mlm,404
Migga_ViTGPT_Chess_PV_V2,404
hamishivi_t5-xl-lm-adapt-encoder,404
ryo0634_mluke-base-qid-embedding_predictor-20201201,401
Migga_ViTGPT_Chess_PV_V3,404
Migga_ViTGPT_Chess_PV_V4,404
Migga_ViTGPT_Chess_PV_V5,404
Migga_ViTGPT_Chess_V1,404
Migga_ViTGPT2_Chess_V2,404
nielsr_donut-docvqa-demo,404
PaulD_checkpoint-14399,404
PaulD_checkpoint-4799,404
shahrukhx01_muv2x-simcse-smole-bert,404
shahrukhx01_muv2x-simcse-smole-bert-mlm,404
hf-internal-testing_tiny-random-vit-gpt2,404
vuiseng9_bert-b-jpqd-r0.0095-45pc-sparse-quantized,404
vuiseng9_bert-b-jpqd-r0.0030-9pc-sparse-quantized,404
Migga_ViTGPT_Chess_pv_DGX_V1,404
Migga_ViTGPT_Chess_pv_DGX_V2,404
Migga_ViTGPT_Chess_comment_DGX_V1,404
Migga_ViTGPT_Chess_pv_DGX_V3,404
moyix_evil-model-demo,404
lsanochkin_distilbert-2l-banking,404
Migga_ViTGPT_Chess_comment_DGX_V2,404
circulus_kovit-caption-v1,404
kumapo_vit-gpt2-ja-image-captioning,404
jungseok_week2-roberta,404
lsanochkin_distilelectra-2l-banking,404
Mijavier_finetuned_donut_test,401
Mijavier_finetuned_donut,404
Raj-Master_donut-demo-123,404
Mijavier_finetuned_donut_4classes,404
WayneChiu_donut-demo,404
yujianglu_donut-demo,404
Mijavier_finetuned_donut_4_classes,404
Mijavier_finetuned_donut_3_classes,404
ksmcg_fan_small_12_p16_224_se_attn,404
ksmcg_fan_small_12_p16_224,404
ksmcg_fan_base_18_p16_224,404
ksmcg_fan_large_24_p16_224,404
circulus_koelectra-hate-v1,404
jungseok_ROBERTA_MODEL,404
Mijavier_finetuned_donut_11_classes,404
hf-internal-testing_tiny-random-segformer,404
WayneChiu_donut-haixin,404
Mijavier_finetuned_donut_10_classes,404
jungseok_TEST,404
Mijavier_finetuned_donut_10_classes_mlflow,404
kaisugi_scitoricsbert,404
Migga_ViTGPT_Chess_noPV_DGX_V4,404
kumapo_swin-gpt2-ja-image-captioning,404
circulus_vit-bart-caption-en-v1,404
circulus_vit-roberta-caption-en-v1,404
ffgcc_esimcse-bert-base-uncased,404
ffgcc_esimcse-bert-large-uncased,404
ffgcc_esimcse-roberta-base,404
ffgcc_esimcse-roberta-large,404
ffgcc_gsInfoNCE-bert-base-uncased,404
ffgcc_gsInfoNCE-roberta-base,404
ffgcc_gsInfoNCE-bert-large-uncased,404
ffgcc_gsInfoNCE-roberta-large,404
circulus_vit-gpt2-caption-en-v1,404
circulus_vit-roberta-caption-ko-v1,404
circulus_vit-kobart-caption-ko-v1,404
circulus_vit-koelectra-caption-ko-v1,404
Migga_ViTGPT_Chess_pv_DGX_V4,404
Migga_ViTGPT_Chess_noPV_DGX_V2,404
Migga_ViTGPT_Chess_comment_DGX_V3,404
hf-internal-testing_tiny-random-onnx-beit,404
WayneChiu_donut-medocr,404
DiViorg_REC-Transformer,404
ameerazam08_wav2vec2-xlsr-ravdess-speech-emotion-recognition-final,404
allanjie_math23k_train_test_roberta-base,404
vumichien_nonsemantic-speech-trillsson3,404
menbom_donut-base-sroie,404
ameerazam08_Hubert-Speech-Fluency,404
i79t02_segformer-b0-scene-parse-150,404
cdawg_jerex,401
pheinisch_ConclusionValidityNoveltyClassifier-Augmentation-in_syn_750,404
pheinisch_ConclusionValidityNoveltyClassifier-Augmentation-ext_syn_1k,404
pheinisch_ConclusionValidityNoveltyClassifier-Augmentation-int_ext_syn_10k,404
pheinisch_ConclusionValidityNoveltyClassifier-Augmentation-in_750,404
hf-internal-testing_tiny-random-owlvit-object-detection,404
jay-jojo-cheng_donut-cover,404
MHamdan_model-book-covers,404
nbtpj_biobert-for-collection-rank-enhance-mas,401
mutisya_wav2vec2-pretrain-bbc-demo-2,401
fazahmz_nps-tag-classifier,404
mutisya_wav2vec2-pretrain-dw-demo-2,401
kkmkorea_1,404
andresgtn_segformer-b0-finetuned-ade-512-512-finetuned-semantic-sidewalk,404
hbalapan_corise_sidewalk_semantic_segmentation_model1,404
Yova_SmallCap7M,404
connermanuel_temporal_attention_bert-sample-2e5,404
cupkake14_my-segmentation-model,404
hshetty_segmentation-model-finetuned-on-semantic-sidewalk-3e-4-e5,404
kamalkraj_coco-lm-deberta-base,404
hbalapan_corise_sidewalk_semantic_segmentation_model2,404
jay-jojo-cheng_donut-cover-author,404
young-man_custom-resnet50d,404
kaisugi_scitoricsbert_meanpooling,404
hf-internal-testing_tiny-random-bert-safetensors,404
deman539_regular-segmentation-model,404
salaz055_my-segmentation-model,404
ksmcg_fan_tiny_8_p4_hybrid,404
ksmcg_fan_small_12_p4_hybrid,404
ksmcg_fan_base_16_p4_hybrid,404
ksmcg_fan_large_16_p4_hybrid,404
ksmcg_fan_Xlarge_16_p4_hybrid,404
deman539_segmentation-model,404
abidlabs_my-segmentation-model2,404
kkmkorea_2,404
Blaise-MR_my-segmentation-model,404
RKoops_my-segmentation-model,404
esvazas_semantic-segmentation-segformer-model,404
ThankGod_regular-segmentation-model,404
kkmkorea_3,404
purnasai_my-segmentation-model,404
sridiyer_my-segmentation-model,404
FrancescaFr_my-segmentation-model,404
justina_my-segmentation-model,404
kkmkorea_4,404
suresh-subramanian_sssm-segmentation-model,404
andresgtn_segformer-b0-finetuned-ade-64-64-finetuned-semantic-sidewalk,404
zhaluza_my-segmentation-model,404
brendenc_my-segmentation-model,404
neerajprad_street-segmentation-demo,404
anisub_my-segmentation-model,404
husmani_my-segmentation-model,404
hshetty_segmentation-model-finetuned-on-semantic-sidewalk-3e-4-e5-b8,404
hshetty_segmentation-model-finetuned-on-semantic-sidewalk-3e-4-e5-b4,404
hshetty_segmentation-model-finetuned-on-semantic-sidewalk-3e-4-e7-b2,404
hshetty_segmentation-model-finetuned-on-semantic-sidewalk-3e-4-e8-b1,404
mibarguen_my-segmentation-model,404
lucasdmpp_my-segmentation-model,404
lucasdmpp_streetSegmentation-model,404
konneker_my-segmentation-model,404
Kavindu99_side-walk-segmentation-model,404
kkmkorea_5,404
jafdxc_regular-segmentation-model,404
tomekkorbak_training_output,404
tomekkorbak_training_output2,404
sangcamap_VQA-config,401
tadeyina_my-segmentation-model,404
schrilax_semantic-seg-model,404
kkmkorea_6,404
schreon_2022-10-04_germandpr_lhm_passages_encoder,404
capofwesh20_my-segmentation-model,404
Jfeagans89_side-walk-segmentation-model,404
Jfeagans89_regular-segmentation-model,404
Jfeagans89_regular-segmentation-model-v2,404
kkmkorea_7,404
kkmkorea_8,404
daquarti_donut-base-sroie,401
ksmcg_fan_tiny_12_p16_224,404
mesolitica_wav2vec2-base-ms,404
kkmkorea_9,404
kkmkorea_10,404
srishti-hf1110_my-segmentation-model,404
kkmkorea_11,404
mesolitica_wav2vec2-small-ms,404
kkmkorea_12,404
mutisya_wav2vec2-pretrain-bbc-demo-3,401
mutisya_wav2vec2-pretrain-bbc-demo-4,401
Jyotiyadav_layoutxlm-finetuned-xfund-fr-re,401
jhakaran1_content,404
ibm_smxm,404
marcelarosalesj_my-segmentation-model,404
p4p19_wav2vec2-large-robust-jl-corpus-finetuned,404
ffgcc_InfoCSE-bert-large,404
Lokibabu_docvqa_custom_model,404
CPMs_cpm.in.bert-base-uncased.approximate.seed42,404
CPMs_cpm.in.roberta-base.approximate.seed42,404
CPMs_cpm.in.bert-base-uncased.approximate.seed77,404
CPMs_cpm.in.roberta-base.inclusive.seed42,404
CPMs_cpm.in.bert-base-uncased.approximate.seed66,404
CPMs_cpm.in.roberta-base.approximate.seed66,404
CPMs_cpm.in.roberta-base.inclusive.seed66,404
CPMs_cpm.in.roberta-base.approximate.seed77,404
CPMs_cpm.in.roberta-base.inclusive.seed77,404
CPMs_cpm.in.bert-base-uncased.inclusive.seed77,404
CPMs_cpm.in.bert-base-uncased.inclusive.seed42,404
CPMs_cpm.in.bert-base-uncased.inclusive.seed66,404
Xingjianz_SROIE,404
Xingjianz_SROIE_synthclean_pretrain_cordv2_30,404
CPMs_cpm.in.gpt2.inclusive.seed66,404
CPMs_cpm.in.gpt2.approximate.seed66,404
CPMs_cpm.in.gpt2.approximate.seed77,404
CPMs_cpm.in.gpt2.inclusive.seed42,404
CPMs_cpm.in.gpt2.inclusive.seed77,404
CPMs_cpm.in.gpt2.approximate.seed42,404
Xingjianz_SROIE_synthclean_pretrain_cordv2_20,404
CPMs_cpm.in.lstm.approximate.seed42,404
CPMs_cpm.in.lstm.inclusive.seed77,404
CPMs_cpm.in.lstm.inclusive.seed42,404
CPMs_cpm.in.lstm.approximate.seed77,404
CPMs_cpm.in.lstm.approximate.seed66,404
CPMs_cpm.in.lstm.inclusive.seed66,404
Allison_segformer-hair-segmentation-10k-steps,404
shivi_donut-base-cheque,404
nielsr_swin2SR-classical-sr-x2-64,404
shivi_donut-demo,404
bburns_my-segmentation-model,404
joyaxis_k_wav2vec,404
Xingjianz_SROIE_synthclean_finetune_cordv2_10,404
Xingjianz_SROIE_synthclean_finetune_cordv2_20,404
TuanBC_donut-koreadeep,404
plogp_layoutxlm-finetuned-xfund-fr-re,404
BAAI_glm-10b,401
Xingjianz_SROIE_synthclean_pretrain_cordv2_10,404
Xingjianz_SROIE_synthclean_finetune_cordv2_10_2,404
zcode_bart_bc_80,404
Xingjianz_SROIE_synthclean_finetune_cordv2_20_2,404
jacquelinehe_mabel-bert-base-uncased,404
Xingjianz_SROIE_finetune_cordv2_30,404
Xingjianz_SROIE_finetune_cordv2_8,404
jingtao_SPLADE-bert_base-distil-dureader,404
jingtao_SPLADE-bert_base-contrast-dureader,404
jingtao_SPLADE-bert_base-distil-msmarco,404
jingtao_SPLADE-bert_base-contrast-msmarco,404
Roshinid_distilbert-base-uncased-go-emotion,404
jingtao_uniCOIL-bert_base-contrast-dureader,404
jingtao_uniCOIL-bert_base-contrast-msmarco,404
jingtao_uniCOIL-bert_base-distil-dureader,404
jingtao_uniCOIL-bert_base-distil-msmarco,404
ArthurZ_vqvae-dummy,404
jingtao_ColBERT-bert_base-distil-msmarco,404
jingtao_ColBERT-bert_base-distil-dureader,404
jingtao_ColBERT-bert_base-contrast-msmarco,404
jingtao_ColBERT-bert_base-contrast-dureader,404
jingtao_Rerank-bert_base-msmarco,404
jingtao_Rerank-bert_base-dureader,404
tomekkorbak_test-test,404
tomekkorbak_cocky_spence,404
tomekkorbak_amazing_mahavira,404
Xingjianz_SROIE_finetune_cordv2_30_2,404
k-l-lambda_clip-text-generator,404
ragazza_segformer_v1.pth,404
k-l-lambda_stable-diffusion-v1-4-inv-embed,404
nemanjar_donut-demo,404
Xingjianz_SROIE_finetune_cordv2_5,404
kfkas_segformer-b0-scene-parse-150,404
tkuye_resuparse,404
zhujlfine_segformer-finetuned-sidewalk-10k-steps,404
Abdelrahman123_wav2vec-test,404
PaulD_checkpoint-11999,404
PaulD_IOA_261022-11999,404
tomekkorbak_amazing_janusz,404
tomekkorbak_priceless_cori,404
tomekkorbak_vigilant_saha,404
yip-i_wav2vec2-pretrained-demo,404
ImSH_segformer-b0-scene-parse-150,404
Xingjianz_SROIE_finetune_cordv2_5_2,404
Xingjianz_SROIE_finetune_cordv2_2,404
ydshieh_tiny-random-BertForNextSentencePrediction,404
ydshieh_tiny-random-BertForPreTraining,404
tomekkorbak_optimistic_swanson,404
ydshieh_tiny-random-ViTForMaskedImageModeling,404
SmartPy_handwritten-text-recognition,404
tomekkorbak_priceless_kalam,404
tomekkorbak_silly_shockley,404
k-l-lambda_clip-text-generator-20221029,404
mutisya_wav2vec2-pretrain-bbc-sage-1,401
transZ_roberta_texid,404
charsiu_S-HuBERT-from-simcse-unsup-roberta,404
charsiu_S-HuBERT-from-simcse-sup-roberta,404
charsiu_S-HuBERT-from-simcse-sup-bert,404
charsiu_S-HuBERT-from-simcse-unsup-bert,404
charsiu_S-HuBERT-from-tsdae-100C-1000V,404
charsiu_S-HuBERT-from-simcse-100C-8000V,404
caskcsg_InfoCSE-bert-base-rtd,404
tomekkorbak_amazing_goldstine,404
tomekkorbak_nifty_janusz,404
kejian_debug-push,404
paulhindemith_zero-shot-classification,404
NimaKL_tc32_test,404
Xingjianz_SROIE_cordv2_pretrain_synthclean_18,404
tomekkorbak_confident_shaw,404
Xingjianz_SROIE_cordv2_finetune_synthclean_10,404
Xingjianz_SROIE_cordv2_finetune_synthclean_20,404
Xingjianz_SROIE_cordv2_30,404
Ar4ikov_W2VSC2,404
Ar4ikov_W2VFSC2_1,404
naina79000tyagi_bert-base-uncased-go-emotion,404
acrowth_donut-base,404
transZ_tforge_v1.9,404
transZ_tforge_2,404
acrowth_donut-base3000ep5,404
yip-i_uaspeech-pretrained,404
acrowth_donutep3samples100,404
acrowth_donutchequeep3samples30152,404
acrowth_donutep2samples14691,404
acrowth_donut-base15000ep2,404
acrowth_donutchequeep2samples30152,404
PaulD_IOA_ft_07112022-33,404
acrowth_donut-immobilier,404
acrowth_donutimmobilierep2samples3,404
acrowth_donutimmobilierep10samples3,404
acrowth_donutimmobilierep4samples4,404
acrowth_donutimmobilierep10samples4,404
kejian_improved-filter,404
jinhybr_OCR-CDIP-DONUT,404
kejian_improved-condition,404
kejian_improved-mle,404
kejian_improved-ul-64-0.1,404
tomekkorbak_boring_lovelace,404
kejian_ul-128-10,404
tomekkorbak_friendly_hypatia,404
tomekkorbak_test-pii-253,404
GItaf_bert-base-uncased-bert-base-uncased-mc-pure-CLS,404
Mautushi_segformer-b0-scene-parse-150,404
kejian_ul-128-0.1,404
kejian_oldsig-condition,404
shivi_donut-cheque-parser,404
Mautushi_segformer-b0-scene-parse-150-1000,404
kejian_again-mle,404
kejian_finetune-condition-noscale,404
kejian_cond-median-noscale,404
kejian_cond-0-misaligned,404
kfkas_new_cocotest,404
kfkas_seg_b0,404
kfkas_aab22,404
mesolitica_electra-small-discriminator-bahasa-cased,404
mesolitica_electra-base-discriminator-bahasa-cased,404
amir7d0_clip-vit-fa,404
nielsr_maskformer-resnet50-ade,404
kfkas_test_check1000,404
kfkas_test_check2000,404
sanchit-gandhi_enhanced_direct_s2st_en_to_es,404
kfkas_checkpoint_3000,404
kfkas_b4-3epoch,404
kfkas_6000,404
kfkas_7500,404
kejian_cond-normandy,404
mesolitica_wav2vec2-base-ms-singlish,404
kfkas_new9000,404
kfkas_like10500,404
ImSH_b0102,404
Jellywibble_dalio-reward-charlie-v1,404
mesolitica_wav2vec2-small-ms-singlish,404
Jellywibble_dalio-reward-model-v1,404
kfkas_b4_6000,404
AlekseyKorshuk_test-upload,404
AlekseyKorshuk_test-upload-trained,404
raywu_bert-crf,404
kfkas_4batch_18000iter_backbone,404
PaulD_IOA_261022_test-11999,404
archinetai_autoencoder1d-AT-v1,404
Lanzet_segformer-b0-scene-parse-150,404
bongseok_test,404
henryhoang_hoangnhathuy,404
princeton-nlp_datamux_base_sst2_2_best,404
princeton-nlp_datamux_base_sst2_5_best,404
princeton-nlp_datamux_base_sst2_10_best,404
princeton-nlp_datamux_base_sst2_20_best,404
princeton-nlp_datamux_base_sst2_40_best,404
McCrysler_segformer-b0-scene-parse-150,404
princeton-nlp_datamux_base_mnli_2_best,404
princeton-nlp_datamux_base_mnli_5_best,404
princeton-nlp_datamux_base_mnli_10_best,404
princeton-nlp_datamux_base_mnli_20_best,404
princeton-nlp_datamux_base_mnli_40_best,404
princeton-nlp_datamux_base_qnli_2_best,404
princeton-nlp_datamux_base_qnli_5_best,404
princeton-nlp_datamux_base_qnli_10_best,404
princeton-nlp_datamux_base_qnli_20_best,404
princeton-nlp_datamux_base_qnli_40_best,404
princeton-nlp_datamux_base_qqp_2_best,404
princeton-nlp_datamux_base_qqp_5_best,404
princeton-nlp_datamux_base_qqp_10_best,404
princeton-nlp_datamux_base_qqp_20_best,404
princeton-nlp_datamux_base_qqp_40_best,404
PaulD_IOA_ft_15112022-11999,404
PaulD_IOA_ft_15112022-33,404
mesolitica_finetune-tatabahasa-t5-small-standard-bahasa-cased,404
acrowth_donutep1samples1000,404
acrowth_donutep1samples100,404
Una713_fine-tuned-encoder,404
acrowth_donutep15samples1000,404
MJ_mjavad,404
MJ_time-series-transformer-tourism-monthly,404
tomekkorbak_zealous_sammet,404
jaehwanj_XREM-MIMIC,401
mesolitica_finetune-tatabahasa-t5-tiny-standard-bahasa-cased,404
kejian_cond-lovingly,404
debu-das_donut_receipt_v1.20,404
debu-das_donut_receipt_v1.21,404
debu-das_donut_receipt_v1.22,404
debu-das_donut_receipt_v1.23,404
debu-das_donut_receipt_v1.24,404
acrowth_donutep15samples2000,404
Nadav_PretrainedPHD,404
PaulD_IOA_ft_17112022-33,404
tomekkorbak_crazy_kant,404
tomekkorbak_crazy_kant1,404
tomekkorbak_sad_dubinsky,404
tomekkorbak_crazy_kant2,404
tomekkorbak_crazy_kant3,404
aslemen_test-model,404
Una713_fine-tuned-encoder-1,404
tomekkorbak_epic_panini,404
acrowth_donutep7samples4000,404
BAAI_glm-10b-chinese,401
BAAI_glm-large-chinese,401
BAAI_glm-roberta-large,401
kejian_mle-lovingly-2,404
lyan62_pixel-small-norm-input,404
mesolitica_wav2vec2-semi-large-ms-singlish,404
acrowth_donutep50samples200,404
jaehwanj_xrem-1118,401
mesolitica_finetune-tatabahasa-t5-base-standard-bahasa-cased,404
jlvvlj_segformer-b0-scene-parse-150,404
kejian_cond-lovingly-25,404
kejian_cond-lovingly-50,404
kejian_cond-lovingly-base-drop,404
kejian_cond-lovingly-base,404
PaulD_IOA_ft_latest,404
fusing_gpt2_optimus,404
acrowth_domotibons2samples14691,404
LudovA_donut_tests_30-epochs,404
tomekkorbak_silly_lamarr,404
tomekkorbak_ecstatic_wescoff,404
LudovA_donut_tests_200-epochs,404
kejian_condbase-drop0.25,404
kejian_condbase-drop0.05,404
kejian_condbase-drop0.1,404
acrowth_domotibons5samples100,404
acrowth_domotibons1samples200,404
acrowth_domotibons3samples200,404
acrowth_domotibons1samples1000,404
acrowth_domotibons2samples200,404
kejian_cond-lovingly-50drop0.1,404
acrowth_domotibons2samples2000,404
Lokibabu_docvqa_model,404
EddieChen372_vit5-dot,404
mattmdjaga_seg_clothes,401
acrowth_domotibons2samples4000,404
tomekkorbak_test23,404
LudovA_donut_tests_newcode_10-epochs,404
LudovA_donut_tests_newcode_E200,404
archinetai_dmae1d-ATC64-v1,404
hf-internal-testing_tiny-random-AlbertForPreTraining,404
hf-internal-testing_tiny-random-BeitForSemanticSegmentation,404
hf-internal-testing_tiny-random-BertForNextSentencePrediction,404
hf-internal-testing_tiny-random-BertForPreTraining,404
hf-internal-testing_tiny-random-BigBirdForPreTraining,404
hf-internal-testing_tiny-random-Data2VecAudioForXVector,404
jegormeister_vivit-b-16x2,404
hf-internal-testing_tiny-random-Data2VecVisionForSemanticSegmentation,404
hf-internal-testing_tiny-random-DeiTForMaskedImageModeling,404
hf-internal-testing_tiny-random-DPTForSemanticSegmentation,404
hf-internal-testing_tiny-random-ElectraForPreTraining,404
hf-internal-testing_tiny-random-ErnieForNextSentencePrediction,404
hf-internal-testing_tiny-random-ErnieForPreTraining,404
hf-internal-testing_tiny-random-FlavaForPreTraining,404
hf-internal-testing_tiny-random-FNetForNextSentencePrediction,404
hf-internal-testing_tiny-random-FNetForPreTraining,404
hf-internal-testing_tiny-random-FunnelForPreTraining,404
hf-internal-testing_tiny-random-ImageGPTForCausalImageModeling,404
priyank-m_dit-roberta-OCR,404
hf-internal-testing_tiny-random-LxmertForPreTraining,404
hf-internal-testing_tiny-random-MaskFormerForInstanceSegmentation,404
hf-internal-testing_tiny-random-MegatronBertForNextSentencePrediction,404
hf-internal-testing_tiny-random-MegatronBertForPreTraining,404
hf-internal-testing_tiny-random-MobileBertForNextSentencePrediction,404
hf-internal-testing_tiny-random-MobileBertForPreTraining,404
hf-internal-testing_tiny-random-MobileNetV2ForSemanticSegmentation,404
hf-internal-testing_tiny-random-MobileViTForSemanticSegmentation,404
hf-internal-testing_tiny-random-NezhaForNextSentencePrediction,404
hf-internal-testing_tiny-random-NezhaForPreTraining,404
hf-internal-testing_tiny-random-OwlViTForObjectDetection,404
hf-internal-testing_tiny-random-RoCBertForPreTraining,404
hf-internal-testing_tiny-random-SegformerForSemanticSegmentation,404
hf-internal-testing_tiny-random-SplinterForPreTraining,404
hf-internal-testing_tiny-random-SwinForMaskedImageModeling,404
hf-internal-testing_tiny-random-Swinv2ForMaskedImageModeling,404
hf-internal-testing_tiny-random-UniSpeechSatForPreTraining,404
hf-internal-testing_tiny-random-UniSpeechSatForXVector,404
hf-internal-testing_tiny-random-UniSpeechForPreTraining,404
hf-internal-testing_tiny-random-VideoMAEForPreTraining,404
hf-internal-testing_tiny-random-VisionEncoderDecoderModel-vit-gpt2,404
hf-internal-testing_tiny-random-VisualBertForPreTraining,404
hf-internal-testing_tiny-random-ViTForMaskedImageModeling,404
hf-internal-testing_tiny-random-ViTMAEForPreTraining,404
hf-internal-testing_tiny-random-Wav2Vec2ConformerForPreTraining,404
hf-internal-testing_tiny-random-Wav2Vec2ConformerForXVector,404
hf-internal-testing_tiny-random-Wav2Vec2ForPreTraining,404
hf-internal-testing_tiny-random-Wav2Vec2ForXVector,404
hf-internal-testing_tiny-random-WavLMForXVector,404
acrowth_domotibons3samples195,404
jegormeister_vivit-b-16x2-kinetics400,404
acrowth_domotibons10samples195,404
priyank-m_beit-roberta-OCR,404
adrianccy_donut-fine-tuned,404
RUCAIBox_mass-base-uncased,404
RUCAIBox_mass-middle-uncased,404
pattern90_segformer-b0-finetuned-segments-sidewalk-oct-22,404
princeton-nlp_mabel-bert-large-uncased,404
acrowth_domotibons20samples195,404
acrowth_domotibons7samples195,404
acrowth_domotibons6samples195,404
acrowth_domotibons8samples195,404
khanhpd2_sbert-vietai-t5-base,404
ryang20718_donut-po,404
alexziweiwang_mtl_manual_toEpoch10,404
Rschmaelzle_gpt2-imdb-ctrl,404
alexziweiwang_mtl_manual_toEpoch20,404
alexziweiwang_mtl_manual_toEpoch30,404
dlwh_filtered_pile_gpt2,404
izou3_segformer-b0-finetuned-initial-test,404
izou3_segformer-b4-finetuned-initial-test,404
unstructuredio_donut-invoices-fake,401
alexziweiwang_exp_mtl1003,404
alexziweiwang_exp_mtl1001,404
debu-das_donut_receipt_v2.16,404
debu-das_donut_receipt_v2.29,404
lyan62_ar_norm_input_cosine,404
acrowth_domotibons2samples11888,404
nielsr_maskformer-resnet50-vistas,404
nielsr_maskformer-resnet101-cityscapes,404
pawlowskipawel_custom-ocr,404
KevinGeertjens_bert-classification-model,404
ArthurZ_jukebox-vqvae,404
izou3_segformer-b1,404
izou3_segformer-b4,404
BAAI_glm-2b,401
BAAI_glm-515m,401
nielsr_maskformer-swin-tiny-ade,404
izou3_segformer-b0-final,404
izou3_segformer-b3-final,404
atirutbor1_cheetah_101,404
Viccorza_donut-docvqa-tuned-docvqa-es,404
bergum_rank-T5-flan,404
Zombely_plwiki-test-proto-5000,404
daje_dpr,404
jaehwanj_1205-XREM-MIMIC,401
TimB-92_test-classification-model,404
facebook_maskformer-resnet50-ade,404
facebook_maskformer-resnet101-ade,404
facebook_maskformer-resnet50-coco-stuff,404
facebook_maskformer-resnet101-coco-stuff,404
facebook_maskformer-resnet101-cityscapes,404
facebook_maskformer-resnet50-vistas,404
facebook_maskformer-resnet50-ade20k-full,404
facebook_maskformer-resnet101-ade20k-full,404
zZwf_output,401
jieun0115_nersota-electra-small-discriminator_ckpt_3000,404
galactic0205_roberta-base-GO-Emotion,404
gagan3012_ArOCR-swin-marbert,404
zcode_rc_test,404
yeeb_gpt2_trading-fours,404
mathxh_scibert_autodebias,404
CohleM_TrOCR_trained_model,404
Vandita_TransFTS2,401
aparna1595_bert-ps-sentence,404
Zombely_plwiki-proto-fine-tuned,404
RustX_donut-base-finetuned-insurance,404
thanhhau097_swin2SR-realworld-sr-x4-64-bsrgan-psnr,404
pkyoyetera_realm-zsRE,404
jieun0115_nersota-electra-small-discriminator,404
amosr2002_amazing_model,404
Zombely_plwiki-proto-fine-tuned-v2,404
mesolitica_finetune-dependency-t5-small-standard-bahasa-cased,404
gur509_deberta_rubric_scorer,404
SALT-NLP_value-bert-CoQA_SAE,404
SALT-NLP_value-bert-CoQA_AAVE,404
SALT-NLP_value-bert-CoQA_AppE,404
SALT-NLP_value-bert-CoQA_ChcE,404
SALT-NLP_value-bert-CoQA_CollSgE,404
SALT-NLP_value-bert-CoQA_IndE,404
SALT-NLP_value-bert-CoQA_Multi,404
SALT-NLP_value-roberta-CoQA_SAE,404
SALT-NLP_value-roberta-CoQA_AAVE,404
SALT-NLP_value-roberta-CoQA_AppE,404
SALT-NLP_value-roberta-CoQA_ChcE,404
SALT-NLP_value-roberta-CoQA_CollSgE,404
SALT-NLP_value-roberta-CoQA_IndE,404
SALT-NLP_value-roberta-CoQA_Multi,404
mesolitica_finetune-dependency-t5-tiny-standard-bahasa-cased,404
ipipan_herbert-large-coref,401
MrPotato_ref-seg-ger,404
MrPotato_ReferenceSegmentation,401
nielsr_deta-test,401
shahrukhx01_bace-simcse-smole-bert,404
shahrukhx01_bbbp-simcse-smole-bert,404
circulus_koelectra-dialect-v1,404
Mongjin_ft_memory_model,404
mesolitica_finetune-dependency-t5-base-standard-bahasa-cased,404
nielsr_deta-swin-large,404
mathxh_autodebiased_bert,404
mathxh_db_bert_auto,404
visheratin_segformer-b0-finetuned-ade-512-512,404
Mongjin_time_memory_model,404
skku-arspraxia_skku_ner_temp,404
skku-arspraxia_skku_ner,404
hongS_donut-base-sroie,401
lyan62_pixel-zh-small-wudao,401
Nandhu_DocAI,404
zack-paperspace_roberta-base-finetuned-swag,404
katrinmisel_unetseg,404
nielsr_deta-resnet-50,404
hongS_donut-base-hangul,401
hongS_donut-base-hangul_sep,401
lyan62_zh_base,404
princeton-nlp_electra_base_1,404
princeton-nlp_muxelectra_base_gaussian_hadamard_index_pos_2,404
princeton-nlp_muxelectra_base_gaussian_hadamard_index_pos_5,404
princeton-nlp_muxelectra_base_gaussian_hadamard_index_pos_10,404
AlekseyKorshuk_test_reward_model,404
lyan62_pixel_small_cjk,404
OranAC_seBert,404
edbeeching_gpt2-imdb-pos-v2,404
yenpolin_wav2vec2-tiny,404
yenpolin_wav2vec2-mini,404
yenpolin_wav2vec2-small,404
yenpolin_wav2vec2-medium,404
peeper_caption-generator,404
Ar4ikov_Wav2Vec2ForSpeechClassification73,404
merxhanbajrami_donut_sample,404
lyan62_pixel_zh_base,404
transZ_misecom,404
lyan62_pixel_zh_base_pretrain,404
lyan62_pixel_zh_base_pretrain3,404
lyan62_pretrain_zh_base,404
lyan62_pixel_zh_base_pretrain2,404
shu_donut-base-sroie,404
sanjin7_ctr-ll4,404
mnosouhi96_segformer-b0-scene-parse-150,404
secilozksen_dpr_basecamp,404
MrPotato_ref-seg-ger_large_tokenized,404
transZ_phrext,404
transZ_reword,404
zzzq_HFModelTest,401
MrPotato_ReferenceSegmentationLarge,404
Liligitbugs_t,401
MrPotato_ref-seg-ger_tokenized,404
lyan62_pixel_cjk_base,404
municef1_TROCR,401
Liligitbugs_clip-bertv1-base,401
Alipour97_segformer-b0-scene-parse-150,404
mutisya_wav2vec2-pretrain-swahili-radio2022-sage-1,401
Pragformer_PragFormer_private,404
archinetai_dmae1d-ATC64-v2,404
Zombely_plwiki-proto-fine-tuned-v3,404
Zombely_plwiki-proto-fine-tuned-v3.2,404
Matthijs_speecht5_ctc,401
Pragformer_PragFormer_reduction,404
MrPotato_ReferenceSegmentationV2,404
ivelin_donut-docvqa-demo,404
Akajackson_donut_demo,401
dennishe97_codet5-encoder-base,404
dennishe97_codet5-encoder-small,404
dennishe97_plbart-encoder,404
alex2awesome_source-exploration__quote-detection__sentence-roberta-large,404
alex2awesome_source-exploration__quote-detection__sentence-roberta-base,404
nielsr_mask2former-swin-base-youtubevis-2021,404
curt-tigges_tl_gpt_model,401
ivelin_donut-refexp-draft,404
curt-tigges_tl_gpt2_finetuned_imdb,401
yongsun-yoon_bilingual-sentence-embedder-mMiniLMv2-L6-H384,404
junesnow_custom-resnet20,404
MarkelFe_mbert-anger,404
MarkelFe_mbert-fear,404
MarkelFe_mbert-joy,404
MarkelFe_mbert-sadness,404
MarkelFe_mbert-unfrozen-anger,404
MarkelFe_mbert-unfrozen-fear,404
MarkelFe_mbert-unfrozen-joy,404
MarkelFe_mbert-unfrozen-sadness,404
ivelin_donut-refexp-draft-backup,404
IMvision12_convnextv2_femto_1k_224_ema,401
alex2awesome_quote-attribution-qa__big-bird-base,404
MrVPlusOne_coeditor-large-bi-request-stub-v4,404
ivelin_donut-refexp-draft-precision2decs,404
ivelin_donut-refexp-draft-precision2decs-backup,404
alex2awesome_quote-detection__roberta-base-sentence,404
alex2awesome_quote-detection__roberta-base__background-excluded,404
ian-astalosh_custom-distilbert-base-uncased-finetuned-asag,401
nhung_layoutxlm-finetuned-xfund-fr-re,401
Iqra56_Swap_donut,401
alex2awesome_quote-detection-roberta-base-transformer,404
alex2awesome_quote-attribution__qa-model__coref-resolved,404
Got-It-AI_user_generic_intents,404
Ussen_congowav2vec-multilingual_pretrained,404
MrVPlusOne_coeditor-xl-bi-request-stub-v4,404
Team-PIXEL_contrastive-mpixel22-small-ps,401
japisuru_donut-demo,404
yenpolin_bonito-wav2vec2-tiny,404
emigomez_donut-docvqa-ft-v1,401
yenpolin_bonito-wav2vec2-medium,404
nhung_layoutxlm-finetuned-xfund-de-re,401
hublot_doner,404
Team-PIXEL_contrastive-mpixel22-small-ps-nocl,401
archinetai_dmae1d-ATC32-v3,404
daitavan_bros-base-uncased-finetune-german,401
MrVPlusOne_coeditor-xl-bi-request-stub-comments-v4,404
archinetai_vocoder-v1,404
alex2awesome_quote-attribution__qa-model,404
secilozksen_dpr_basecamp_contriever_contrastive,404
Liligitbugs_cococlip2023,404
ivelin_donut-refexp-combined-v1-backup,404
Liligitbugs_mydataclip2023,404
Liligitbugs_cococlip20231,404
dffesalbon_dota-toxic-bert-base-uncased,404
Zayn_vqa-vit-base-patch16-224-in21k-bert-base-uncased,404
Liligitbugs_bothclip,401
RajeshLaddu_donut-base-sroie,401
hSterz_semeval23_clickbait_task1,404
PrimeQA_MITQA_OTTQA_DPR_Table_Retriever_Context_Encoder,404
JoseArcosO_donut-finetuned-2,404
hSterz_semeval_clickbait_classification,404
